# Blender v2.91.0 OBJ File: 'sphere.blend'
# www.blender.org
mtllib sphere.mtl
o Sphere
v 0.000000 0.499763 -0.099409
v 0.000000 0.470767 -0.194998
v 0.000000 0.423679 -0.283093
v 0.000000 0.360309 -0.360309
v 0.000000 0.283093 -0.423679
v 0.000000 0.194998 -0.470767
v 0.000000 0.099409 -0.499763
v 0.000000 0.000000 -0.509554
v 0.000000 -0.099409 -0.499763
v 0.000000 -0.423679 -0.283093
v 0.019394 0.499763 -0.097499
v 0.038042 0.470767 -0.191251
v 0.055229 0.423679 -0.277653
v 0.070293 0.360309 -0.353386
v 0.082656 0.283093 -0.415538
v 0.091842 0.194998 -0.461721
v 0.097499 0.099409 -0.490160
v 0.099409 0.000000 -0.499763
v 0.097499 -0.099409 -0.490160
v 0.091842 -0.194998 -0.461721
v 0.082656 -0.283093 -0.415538
v 0.070293 -0.360309 -0.353386
v 0.055229 -0.423679 -0.277653
v 0.038042 -0.470767 -0.191251
v 0.019394 -0.499763 -0.097499
v 0.038042 0.499763 -0.091842
v 0.074623 0.470767 -0.180155
v 0.108335 0.423679 -0.261544
v 0.137884 0.360309 -0.332882
v 0.162135 0.283093 -0.391428
v 0.180155 0.194998 -0.434932
v 0.191251 0.099409 -0.461721
v 0.194998 0.000000 -0.470766
v 0.191251 -0.099409 -0.461721
v 0.180155 -0.194998 -0.434932
v 0.162135 -0.283093 -0.391428
v 0.137884 -0.360309 -0.332882
v 0.108335 -0.423679 -0.261544
v 0.074623 -0.470767 -0.180154
v 0.038042 -0.499763 -0.091842
v 0.055229 0.499763 -0.082656
v 0.108335 0.470767 -0.162135
v 0.157278 0.423679 -0.235383
v 0.200177 0.360309 -0.299586
v 0.235383 0.283093 -0.352276
v 0.261544 0.194998 -0.391428
v 0.277654 0.099409 -0.415538
v 0.283093 0.000000 -0.423679
v 0.277654 -0.099409 -0.415538
v 0.261544 -0.194998 -0.391428
v 0.235383 -0.283093 -0.352276
v 0.200177 -0.360309 -0.299586
v 0.157278 -0.423679 -0.235383
v 0.108335 -0.470767 -0.162135
v 0.055229 -0.499763 -0.082655
v 0.070293 0.499763 -0.070293
v 0.137884 0.470767 -0.137884
v 0.200177 0.423679 -0.200177
v 0.254777 0.360309 -0.254777
v 0.299586 0.283093 -0.299586
v 0.332882 0.194998 -0.332882
v 0.353386 0.099409 -0.353386
v 0.360309 0.000000 -0.360309
v 0.353386 -0.099409 -0.353386
v 0.332882 -0.194998 -0.332882
v 0.299586 -0.283093 -0.299586
v 0.254777 -0.360309 -0.254777
v 0.200177 -0.423679 -0.200177
v 0.137884 -0.470767 -0.137884
v 0.070293 -0.499763 -0.070293
v 0.082656 0.499763 -0.055229
v 0.162135 0.470767 -0.108335
v 0.235383 0.423679 -0.157278
v 0.299586 0.360309 -0.200177
v 0.352276 0.283093 -0.235383
v 0.391428 0.194998 -0.261544
v 0.415538 0.099409 -0.277653
v 0.423679 0.000000 -0.283093
v 0.415538 -0.099409 -0.277653
v 0.391428 -0.194998 -0.261544
v 0.352276 -0.283093 -0.235383
v 0.299586 -0.360309 -0.200177
v 0.235383 -0.423679 -0.157278
v 0.162135 -0.470767 -0.108335
v 0.082656 -0.499763 -0.055229
v 0.091842 0.499763 -0.038042
v 0.180155 0.470767 -0.074622
v 0.261544 0.423679 -0.108335
v 0.332882 0.360309 -0.137884
v 0.391428 0.283093 -0.162135
v 0.434932 0.194998 -0.180154
v 0.461721 0.099409 -0.191251
v 0.470767 0.000000 -0.194998
v 0.461721 -0.099409 -0.191251
v 0.434932 -0.194998 -0.180154
v 0.391428 -0.283093 -0.162135
v 0.332882 -0.360309 -0.137884
v 0.261544 -0.423679 -0.108335
v 0.180155 -0.470767 -0.074622
v 0.091842 -0.499763 -0.038042
v 0.097499 0.499763 -0.019394
v 0.191251 0.470767 -0.038042
v 0.277654 0.423679 -0.055229
v 0.353386 0.360309 -0.070293
v 0.415538 0.283093 -0.082655
v 0.461721 0.194998 -0.091842
v 0.490160 0.099409 -0.097499
v 0.499763 0.000000 -0.099409
v 0.490160 -0.099409 -0.097499
v 0.461721 -0.194998 -0.091842
v 0.415538 -0.283093 -0.082655
v 0.353386 -0.360309 -0.070293
v 0.277654 -0.423679 -0.055229
v 0.191251 -0.470767 -0.038042
v 0.097499 -0.499763 -0.019394
v 0.099409 0.499763 0.000000
v 0.194998 0.470767 0.000000
v 0.283093 0.423679 0.000000
v 0.360309 0.360309 0.000000
v 0.423679 0.283093 0.000000
v 0.470767 0.194998 0.000000
v 0.499763 0.099409 0.000000
v 0.509554 0.000000 0.000000
v 0.499763 -0.099409 0.000000
v 0.470767 -0.194998 0.000000
v 0.423679 -0.283093 0.000000
v 0.360309 -0.360309 0.000000
v 0.283093 -0.423679 0.000000
v 0.194998 -0.470767 0.000000
v 0.099409 -0.499763 0.000000
v 0.097499 0.499763 0.019394
v 0.191251 0.470767 0.038042
v 0.277654 0.423679 0.055229
v 0.353386 0.360309 0.070293
v 0.415538 0.283093 0.082656
v 0.461721 0.194998 0.091842
v 0.490160 0.099409 0.097499
v 0.499763 0.000000 0.099409
v 0.490160 -0.099409 0.097499
v 0.461721 -0.194998 0.091842
v 0.415538 -0.283093 0.082656
v 0.353386 -0.360309 0.070293
v 0.277654 -0.423679 0.055229
v 0.191251 -0.470767 0.038042
v 0.097499 -0.499763 0.019394
v 0.091842 0.499763 0.038042
v 0.180155 0.470767 0.074623
v 0.261544 0.423679 0.108335
v 0.332882 0.360309 0.137885
v 0.391428 0.283093 0.162135
v 0.434932 0.194998 0.180155
v 0.461721 0.099409 0.191251
v 0.470767 0.000000 0.194998
v 0.461721 -0.099409 0.191251
v 0.434932 -0.194998 0.180155
v 0.391428 -0.283093 0.162135
v 0.332882 -0.360309 0.137885
v 0.261544 -0.423679 0.108335
v 0.180155 -0.470767 0.074623
v 0.091842 -0.499763 0.038042
v 0.082656 0.499763 0.055229
v 0.162135 0.470767 0.108335
v 0.235383 0.423679 0.157278
v 0.299586 0.360309 0.200177
v 0.352276 0.283093 0.235383
v 0.391428 0.194998 0.261544
v 0.415538 0.099409 0.277654
v 0.423679 0.000000 0.283093
v 0.415538 -0.099409 0.277654
v 0.391428 -0.194998 0.261544
v 0.352276 -0.283093 0.235383
v 0.299586 -0.360309 0.200177
v 0.235383 -0.423679 0.157278
v 0.162135 -0.470767 0.108335
v 0.082656 -0.499763 0.055229
v 0.070293 0.499763 0.070293
v 0.137884 0.470767 0.137885
v 0.200177 0.423679 0.200177
v 0.254777 0.360309 0.254777
v 0.299586 0.283093 0.299586
v 0.332882 0.194998 0.332882
v 0.353386 0.099409 0.353386
v 0.360309 0.000000 0.360309
v 0.353386 -0.099409 0.353386
v 0.332882 -0.194998 0.332882
v 0.299586 -0.283093 0.299586
v 0.254777 -0.360309 0.254777
v 0.200177 -0.423679 0.200177
v 0.137884 -0.470767 0.137885
v 0.070293 -0.499763 0.070293
v 0.055229 0.499763 0.082656
v 0.108335 0.470767 0.162135
v 0.157278 0.423679 0.235383
v 0.200177 0.360309 0.299586
v 0.235383 0.283093 0.352276
v 0.261544 0.194998 0.391428
v 0.277654 0.099409 0.415538
v 0.283093 0.000000 0.423679
v 0.277654 -0.099409 0.415538
v 0.261544 -0.194998 0.391428
v 0.235383 -0.283093 0.352276
v 0.200177 -0.360309 0.299586
v 0.157278 -0.423679 0.235383
v 0.108335 -0.470767 0.162135
v 0.055229 -0.499763 0.082656
v 0.000000 -0.509554 0.000000
v 0.038042 0.499763 0.091842
v 0.074623 0.470767 0.180155
v 0.108335 0.423679 0.261544
v 0.137884 0.360309 0.332882
v 0.162135 0.283093 0.391428
v 0.180155 0.194998 0.434932
v 0.191251 0.099409 0.461721
v 0.194998 0.000000 0.470767
v 0.191251 -0.099409 0.461721
v 0.180155 -0.194998 0.434932
v 0.162135 -0.283093 0.391428
v 0.137884 -0.360309 0.332882
v 0.108335 -0.423679 0.261544
v 0.074622 -0.470767 0.180155
v 0.038042 -0.499763 0.091842
v 0.019394 0.499763 0.097499
v 0.038042 0.470767 0.191251
v 0.055229 0.423679 0.277654
v 0.070293 0.360309 0.353386
v 0.082656 0.283093 0.415538
v 0.091842 0.194998 0.461721
v 0.097499 0.099409 0.490160
v 0.099409 0.000000 0.499763
v 0.097499 -0.099409 0.490160
v 0.091842 -0.194998 0.461721
v 0.082656 -0.283093 0.415538
v 0.070293 -0.360309 0.353386
v 0.055229 -0.423679 0.277654
v 0.038042 -0.470767 0.191251
v 0.019394 -0.499763 0.097499
v -0.000000 0.499763 0.099409
v 0.000000 0.470767 0.194998
v 0.000000 0.423679 0.283093
v -0.000000 0.360309 0.360309
v -0.000000 0.283093 0.423679
v 0.000000 0.194998 0.470767
v -0.000000 0.099409 0.499763
v -0.000000 0.000000 0.509554
v -0.000000 -0.099409 0.499763
v 0.000000 -0.194998 0.470767
v -0.000000 -0.283093 0.423679
v -0.000000 -0.360309 0.360309
v -0.000000 -0.423679 0.283093
v 0.000000 -0.470767 0.194998
v 0.000000 -0.499763 0.099409
v -0.019394 0.499763 0.097499
v -0.038042 0.470767 0.191251
v -0.055229 0.423679 0.277654
v -0.070293 0.360309 0.353386
v -0.082656 0.283093 0.415538
v -0.091842 0.194998 0.461721
v -0.097499 0.099409 0.490160
v -0.099409 0.000000 0.499763
v -0.097499 -0.099409 0.490160
v -0.091842 -0.194998 0.461721
v -0.082656 -0.283093 0.415538
v -0.070293 -0.360309 0.353386
v -0.055229 -0.423679 0.277654
v -0.038042 -0.470767 0.191251
v -0.019394 -0.499763 0.097499
v -0.038042 0.499763 0.091842
v -0.074622 0.470767 0.180155
v -0.108335 0.423679 0.261544
v -0.137884 0.360309 0.332882
v -0.162135 0.283093 0.391428
v -0.180155 0.194998 0.434932
v -0.191251 0.099409 0.461721
v -0.194998 0.000000 0.470767
v -0.191251 -0.099409 0.461721
v -0.180155 -0.194998 0.434932
v -0.162135 -0.283093 0.391428
v -0.137884 -0.360309 0.332882
v -0.108335 -0.423679 0.261544
v -0.074622 -0.470767 0.180155
v -0.038042 -0.499763 0.091842
v -0.055229 0.499763 0.082656
v -0.108335 0.470767 0.162135
v -0.157278 0.423679 0.235383
v -0.200177 0.360309 0.299586
v -0.235383 0.283093 0.352276
v -0.261544 0.194998 0.391428
v -0.277654 0.099409 0.415538
v -0.283093 0.000000 0.423679
v -0.277654 -0.099409 0.415538
v -0.261544 -0.194998 0.391428
v -0.235383 -0.283093 0.352276
v -0.200177 -0.360309 0.299586
v -0.157278 -0.423679 0.235383
v -0.108335 -0.470767 0.162135
v -0.055229 -0.499763 0.082656
v -0.000000 0.509554 0.000000
v -0.070293 0.499763 0.070293
v -0.137884 0.470767 0.137884
v -0.200177 0.423679 0.200177
v -0.254777 0.360309 0.254777
v -0.299586 0.283093 0.299586
v -0.332882 0.194998 0.332882
v -0.353386 0.099409 0.353386
v -0.360309 0.000000 0.360309
v -0.353386 -0.099409 0.353386
v -0.332882 -0.194998 0.332882
v -0.299586 -0.283093 0.299586
v -0.254777 -0.360309 0.254777
v -0.200177 -0.423679 0.200177
v -0.137884 -0.470767 0.137884
v -0.070293 -0.499763 0.070293
v -0.082656 0.499763 0.055229
v -0.162135 0.470767 0.108335
v -0.235383 0.423679 0.157278
v -0.299586 0.360309 0.200177
v -0.352276 0.283093 0.235383
v -0.391428 0.194998 0.261544
v -0.415538 0.099409 0.277653
v -0.423679 0.000000 0.283093
v -0.415538 -0.099409 0.277653
v -0.391428 -0.194998 0.261544
v -0.352276 -0.283093 0.235383
v -0.299586 -0.360309 0.200177
v -0.235383 -0.423679 0.157278
v -0.162135 -0.470767 0.108335
v -0.082656 -0.499763 0.055229
v -0.091842 0.499763 0.038042
v -0.180155 0.470767 0.074623
v -0.261544 0.423679 0.108335
v -0.332882 0.360309 0.137884
v -0.391428 0.283093 0.162135
v -0.434932 0.194998 0.180155
v -0.461721 0.099409 0.191251
v -0.470767 0.000000 0.194998
v -0.461721 -0.099409 0.191251
v -0.434932 -0.194998 0.180155
v -0.391428 -0.283093 0.162135
v -0.332882 -0.360309 0.137884
v -0.261544 -0.423679 0.108335
v -0.180155 -0.470767 0.074623
v -0.091842 -0.499763 0.038042
v -0.097499 0.499763 0.019394
v -0.191251 0.470767 0.038042
v -0.277654 0.423679 0.055229
v -0.353386 0.360309 0.070293
v -0.415538 0.283093 0.082656
v -0.461721 0.194998 0.091842
v -0.490160 0.099409 0.097499
v -0.499763 0.000000 0.099409
v -0.490160 -0.099409 0.097499
v -0.461721 -0.194998 0.091842
v -0.415538 -0.283093 0.082656
v -0.353386 -0.360309 0.070293
v -0.277654 -0.423679 0.055229
v -0.191251 -0.470767 0.038042
v -0.097499 -0.499763 0.019394
v -0.099409 0.499763 0.000000
v -0.194998 0.470767 0.000000
v -0.283093 0.423679 0.000000
v -0.360309 0.360309 0.000000
v -0.423679 0.283093 0.000000
v -0.470767 0.194998 0.000000
v -0.499763 0.099409 0.000000
v -0.509554 0.000000 0.000000
v -0.499763 -0.099409 0.000000
v -0.470767 -0.194998 0.000000
v -0.423679 -0.283093 0.000000
v -0.360309 -0.360309 0.000000
v -0.283093 -0.423679 0.000000
v -0.194998 -0.470767 0.000000
v -0.099409 -0.499763 0.000000
v -0.097499 0.499763 -0.019394
v -0.191251 0.470767 -0.038042
v -0.277654 0.423679 -0.055229
v -0.353386 0.360309 -0.070293
v -0.415538 0.283093 -0.082656
v -0.461721 0.194998 -0.091842
v -0.490160 0.099409 -0.097499
v -0.499763 0.000000 -0.099409
v -0.490160 -0.099409 -0.097499
v -0.461721 -0.194998 -0.091842
v -0.415538 -0.283093 -0.082656
v -0.353386 -0.360309 -0.070293
v -0.277653 -0.423679 -0.055229
v -0.191251 -0.470767 -0.038042
v -0.097499 -0.499763 -0.019394
v -0.091842 0.499763 -0.038042
v -0.180155 0.470767 -0.074622
v -0.261544 0.423679 -0.108335
v -0.332882 0.360309 -0.137884
v -0.391428 0.283093 -0.162135
v -0.434932 0.194998 -0.180154
v -0.461721 0.099409 -0.191251
v -0.470766 0.000000 -0.194998
v -0.461721 -0.099409 -0.191251
v -0.434932 -0.194998 -0.180154
v -0.391428 -0.283093 -0.162135
v -0.332882 -0.360309 -0.137884
v -0.261544 -0.423679 -0.108335
v -0.180155 -0.470767 -0.074622
v -0.091842 -0.499763 -0.038042
v -0.082656 0.499763 -0.055229
v -0.162135 0.470767 -0.108335
v -0.235383 0.423679 -0.157278
v -0.299586 0.360309 -0.200177
v -0.352276 0.283093 -0.235383
v -0.391428 0.194998 -0.261544
v -0.415538 0.099409 -0.277653
v -0.423679 0.000000 -0.283093
v -0.415538 -0.099409 -0.277653
v -0.391428 -0.194998 -0.261544
v -0.352276 -0.283093 -0.235383
v -0.299586 -0.360309 -0.200177
v -0.235383 -0.423679 -0.157278
v -0.162135 -0.470767 -0.108335
v -0.082656 -0.499763 -0.055229
v -0.070293 0.499763 -0.070293
v -0.137884 0.470767 -0.137884
v -0.200177 0.423679 -0.200177
v -0.254777 0.360309 -0.254777
v -0.299586 0.283093 -0.299586
v -0.332882 0.194998 -0.332882
v -0.353386 0.099409 -0.353386
v -0.360309 0.000000 -0.360309
v -0.353386 -0.099409 -0.353386
v -0.332882 -0.194998 -0.332882
v -0.299586 -0.283093 -0.299586
v -0.254777 -0.360309 -0.254777
v -0.200177 -0.423679 -0.200177
v -0.137884 -0.470767 -0.137884
v -0.070293 -0.499763 -0.070293
v -0.055229 0.499763 -0.082656
v -0.108335 0.470767 -0.162135
v -0.157278 0.423679 -0.235383
v -0.200177 0.360309 -0.299586
v -0.235383 0.283093 -0.352276
v -0.261544 0.194998 -0.391428
v -0.277653 0.099409 -0.415537
v -0.283093 0.000000 -0.423678
v -0.277653 -0.099409 -0.415537
v -0.261544 -0.194998 -0.391428
v -0.235383 -0.283093 -0.352276
v -0.200177 -0.360309 -0.299586
v -0.157278 -0.423679 -0.235383
v -0.108335 -0.470767 -0.162135
v -0.055229 -0.499763 -0.082655
v -0.038042 0.499763 -0.091842
v -0.074622 0.470767 -0.180154
v -0.108335 0.423679 -0.261544
v -0.137884 0.360309 -0.332882
v -0.162135 0.283093 -0.391428
v -0.180155 0.194998 -0.434931
v -0.191251 0.099409 -0.461720
v -0.194998 0.000000 -0.470766
v -0.191251 -0.099409 -0.461720
v -0.180155 -0.194998 -0.434931
v -0.162135 -0.283093 -0.391428
v -0.137884 -0.360309 -0.332882
v -0.108335 -0.423679 -0.261544
v -0.074622 -0.470767 -0.180154
v -0.038042 -0.499763 -0.091842
v -0.019394 0.499763 -0.097499
v -0.038042 0.470767 -0.191251
v -0.055229 0.423679 -0.277653
v -0.070293 0.360309 -0.353386
v -0.082655 0.283093 -0.415537
v -0.091842 0.194998 -0.461721
v -0.097499 0.099409 -0.490160
v -0.099409 0.000000 -0.499763
v -0.097499 -0.099409 -0.490160
v -0.091842 -0.194998 -0.461721
v -0.082655 -0.283093 -0.415537
v -0.070293 -0.360309 -0.353386
v -0.055229 -0.423679 -0.277653
v -0.038042 -0.470767 -0.191251
v -0.019394 -0.499763 -0.097499
v 0.000000 -0.194998 -0.470766
v 0.000000 -0.283093 -0.423678
v 0.000000 -0.360309 -0.360309
v 0.000000 -0.470767 -0.194998
v 0.000000 -0.499763 -0.099409
vt 0.750000 0.594545
vt 0.750000 0.653535
vt 0.718750 0.653535
vt 0.718750 0.594545
vt 0.750000 0.122616
vt 0.750000 0.181607
vt 0.718750 0.181607
vt 0.718750 0.122616
vt 0.750000 0.535553
vt 0.718750 0.535553
vt 0.750000 0.063625
vt 0.718750 0.063625
vt 0.750000 0.476562
vt 0.718750 0.476562
vt 0.750000 0.889500
vt 0.734375 0.948491
vt 0.718750 0.889500
vt 0.734375 0.004634
vt 0.750000 0.417572
vt 0.718750 0.417572
vt 0.750000 0.830509
vt 0.718750 0.830509
vt 0.750000 0.358580
vt 0.718750 0.358581
vt 0.750000 0.771518
vt 0.718750 0.771518
vt 0.750000 0.299589
vt 0.718750 0.299590
vt 0.750000 0.712527
vt 0.718750 0.712527
vt 0.750000 0.240598
vt 0.718750 0.240598
vt 0.687500 0.712527
vt 0.687500 0.653535
vt 0.687500 0.240598
vt 0.687500 0.181607
vt 0.687500 0.594545
vt 0.687500 0.122616
vt 0.687500 0.535553
vt 0.687500 0.063625
vt 0.687500 0.476562
vt 0.703125 0.948491
vt 0.687500 0.889500
vt 0.703125 0.004634
vt 0.687500 0.417572
vt 0.687500 0.830509
vt 0.687500 0.358581
vt 0.687500 0.771518
vt 0.687500 0.299590
vt 0.656250 0.476562
vt 0.656250 0.417572
vt 0.656250 0.889500
vt 0.656250 0.830509
vt 0.656250 0.358581
vt 0.656250 0.771518
vt 0.656250 0.299590
vt 0.656250 0.712527
vt 0.656250 0.240598
vt 0.656250 0.653535
vt 0.656250 0.181607
vt 0.656250 0.594545
vt 0.656250 0.122616
vt 0.656250 0.535553
vt 0.656250 0.063625
vt 0.671875 0.948491
vt 0.671875 0.004634
vt 0.625000 0.240598
vt 0.625000 0.181607
vt 0.625000 0.653535
vt 0.625000 0.594545
vt 0.625000 0.122616
vt 0.625000 0.535553
vt 0.625000 0.063625
vt 0.625000 0.476562
vt 0.640625 0.948491
vt 0.625000 0.889499
vt 0.640625 0.004634
vt 0.625000 0.417572
vt 0.625000 0.830509
vt 0.625000 0.358581
vt 0.625000 0.771518
vt 0.625000 0.299590
vt 0.625000 0.712527
vt 0.593750 0.889499
vt 0.593750 0.830509
vt 0.593750 0.417572
vt 0.593750 0.358581
vt 0.593750 0.771518
vt 0.593750 0.299590
vt 0.593750 0.712527
vt 0.593750 0.240598
vt 0.593750 0.653535
vt 0.593750 0.181607
vt 0.593750 0.594545
vt 0.593750 0.122616
vt 0.593750 0.535553
vt 0.593750 0.063625
vt 0.593750 0.476562
vt 0.609375 0.948491
vt 0.609375 0.004634
vt 0.562500 0.653535
vt 0.562500 0.594545
vt 0.562500 0.181607
vt 0.562500 0.122616
vt 0.562500 0.535553
vt 0.562500 0.063625
vt 0.562500 0.476562
vt 0.578125 0.948491
vt 0.562500 0.889499
vt 0.578125 0.004634
vt 0.562500 0.417572
vt 0.562500 0.830509
vt 0.562500 0.358581
vt 0.562500 0.771518
vt 0.562500 0.299590
vt 0.562500 0.712527
vt 0.562500 0.240598
vt 0.531250 0.417572
vt 0.531250 0.358581
vt 0.531250 0.830509
vt 0.531250 0.771518
vt 0.531250 0.299590
vt 0.531250 0.712527
vt 0.531250 0.240598
vt 0.531250 0.653535
vt 0.531250 0.181608
vt 0.531250 0.594545
vt 0.531250 0.122616
vt 0.531250 0.535553
vt 0.531250 0.063625
vt 0.531250 0.476562
vt 0.546875 0.948491
vt 0.531250 0.889499
vt 0.546875 0.004634
vt 0.500000 0.181608
vt 0.500000 0.122616
vt 0.500000 0.594545
vt 0.500000 0.535553
vt 0.500000 0.063625
vt 0.500000 0.476562
vt 0.515625 0.948491
vt 0.500000 0.889499
vt 0.515625 0.004634
vt 0.500000 0.417572
vt 0.500000 0.830509
vt 0.500000 0.358581
vt 0.500000 0.771518
vt 0.500000 0.299590
vt 0.500000 0.712527
vt 0.500000 0.240598
vt 0.500000 0.653535
vt 0.468750 0.358581
vt 0.468750 0.299590
vt 0.468750 0.771518
vt 0.468750 0.712527
vt 0.468750 0.240598
vt 0.468750 0.653535
vt 0.468750 0.181608
vt 0.468750 0.594545
vt 0.468750 0.122616
vt 0.468750 0.535553
vt 0.468750 0.063625
vt 0.468750 0.476562
vt 0.484374 0.948491
vt 0.468750 0.889499
vt 0.484375 0.004634
vt 0.468750 0.417572
vt 0.468750 0.830508
vt 0.437500 0.122616
vt 0.437500 0.063625
vt 0.437500 0.535553
vt 0.437500 0.476562
vt 0.453124 0.948491
vt 0.437500 0.889499
vt 0.453125 0.004634
vt 0.437500 0.417572
vt 0.437500 0.830508
vt 0.437500 0.358581
vt 0.437500 0.771518
vt 0.437500 0.299590
vt 0.437500 0.712527
vt 0.437500 0.240598
vt 0.437500 0.653535
vt 0.437500 0.181608
vt 0.437500 0.594545
vt 0.406250 0.771518
vt 0.406250 0.712526
vt 0.406250 0.299590
vt 0.406250 0.240599
vt 0.406250 0.653535
vt 0.406250 0.181608
vt 0.406250 0.594545
vt 0.406250 0.122616
vt 0.406250 0.535553
vt 0.406250 0.063625
vt 0.406250 0.476562
vt 0.421874 0.948491
vt 0.406250 0.889499
vt 0.421875 0.004634
vt 0.406250 0.417572
vt 0.406250 0.830508
vt 0.406250 0.358581
vt 0.375000 0.535553
vt 0.375000 0.476562
vt 0.390625 0.948491
vt 0.375000 0.889499
vt 0.390625 0.004634
vt 0.375000 0.063625
vt 0.375000 0.417572
vt 0.375000 0.830508
vt 0.375000 0.358581
vt 0.375000 0.771517
vt 0.375000 0.299590
vt 0.375000 0.712527
vt 0.375000 0.240598
vt 0.375000 0.653535
vt 0.375000 0.181608
vt 0.375000 0.594545
vt 0.375000 0.122616
vt 0.343750 0.299590
vt 0.343750 0.240599
vt 0.343750 0.712526
vt 0.343750 0.653535
vt 0.343750 0.181608
vt 0.343750 0.594545
vt 0.343750 0.122616
vt 0.343750 0.535553
vt 0.343750 0.063625
vt 0.343750 0.476562
vt 0.359375 0.948491
vt 0.343750 0.889499
vt 0.359375 0.004634
vt 0.343750 0.417572
vt 0.343750 0.830508
vt 0.343750 0.358581
vt 0.343750 0.771517
vt 0.328125 0.948491
vt 0.312500 0.889499
vt 0.328125 0.004634
vt 0.312500 0.063625
vt 0.312500 0.476562
vt 0.312500 0.417572
vt 0.312500 0.830508
vt 0.312500 0.358581
vt 0.312500 0.771517
vt 0.312500 0.299590
vt 0.312500 0.712527
vt 0.312500 0.240598
vt 0.312500 0.653535
vt 0.312500 0.181608
vt 0.312500 0.594545
vt 0.312500 0.122616
vt 0.312500 0.535553
vt 0.281250 0.712527
vt 0.281250 0.653535
vt 0.281250 0.240598
vt 0.281250 0.181608
vt 0.281250 0.594545
vt 0.281250 0.122616
vt 0.281250 0.535553
vt 0.281250 0.063625
vt 0.281250 0.476562
vt 0.296875 0.948491
vt 0.281250 0.889499
vt 0.296875 0.004634
vt 0.281250 0.417572
vt 0.281250 0.830508
vt 0.281250 0.358581
vt 0.281250 0.771517
vt 0.281250 0.299590
vt 0.250000 0.476562
vt 0.250000 0.417572
vt 0.250000 0.889499
vt 0.250000 0.830508
vt 0.250000 0.358581
vt 0.250000 0.771517
vt 0.250000 0.299590
vt 0.250000 0.712527
vt 0.250000 0.240598
vt 0.250000 0.653535
vt 0.250000 0.181608
vt 0.250000 0.594545
vt 0.250000 0.122616
vt 0.250000 0.535553
vt 0.250000 0.063625
vt 0.265625 0.948491
vt 0.265625 0.004634
vt 0.218750 0.240598
vt 0.218750 0.181608
vt 0.218750 0.653535
vt 0.218750 0.594545
vt 0.218750 0.122616
vt 0.218750 0.535553
vt 0.218750 0.063625
vt 0.218750 0.476562
vt 0.234375 0.948491
vt 0.218750 0.889499
vt 0.234375 0.004634
vt 0.218750 0.417572
vt 0.218750 0.830508
vt 0.218750 0.358581
vt 0.218750 0.771517
vt 0.218750 0.299590
vt 0.218750 0.712527
vt 0.187500 0.417572
vt 0.187500 0.358581
vt 0.187500 0.830508
vt 0.187500 0.771517
vt 0.187500 0.299590
vt 0.187500 0.712527
vt 0.187500 0.240598
vt 0.187500 0.653535
vt 0.187500 0.181608
vt 0.187500 0.594545
vt 0.187500 0.122616
vt 0.187500 0.535553
vt 0.187500 0.063625
vt 0.187500 0.476562
vt 0.203125 0.948491
vt 0.187500 0.889499
vt 0.203125 0.004634
vt 0.156250 0.181608
vt 0.156250 0.122616
vt 0.156250 0.594545
vt 0.156250 0.535553
vt 0.156250 0.063625
vt 0.156250 0.476562
vt 0.171875 0.948491
vt 0.156250 0.889499
vt 0.171875 0.004634
vt 0.156250 0.417572
vt 0.156250 0.830508
vt 0.156250 0.358581
vt 0.156250 0.771518
vt 0.156250 0.299590
vt 0.156250 0.712527
vt 0.156250 0.240598
vt 0.156250 0.653535
vt 0.125000 0.830509
vt 0.125000 0.771518
vt 0.125000 0.358581
vt 0.125000 0.299590
vt 0.125000 0.712527
vt 0.125000 0.240598
vt 0.125000 0.653535
vt 0.125000 0.181607
vt 0.125000 0.594545
vt 0.125000 0.122616
vt 0.125000 0.535553
vt 0.125000 0.063625
vt 0.125000 0.476562
vt 0.140625 0.948491
vt 0.125000 0.889499
vt 0.140625 0.004634
vt 0.125000 0.417572
vt 0.093750 0.594545
vt 0.093750 0.535553
vt 0.093750 0.122616
vt 0.093750 0.063625
vt 0.093750 0.476562
vt 0.109375 0.948491
vt 0.093750 0.889499
vt 0.109375 0.004634
vt 0.093750 0.417572
vt 0.093750 0.830509
vt 0.093750 0.358581
vt 0.093750 0.771518
vt 0.093750 0.299589
vt 0.093750 0.712527
vt 0.093750 0.240598
vt 0.093750 0.653535
vt 0.093750 0.181607
vt 0.062500 0.358581
vt 0.062500 0.299589
vt 0.062500 0.771518
vt 0.062500 0.712527
vt 0.062500 0.240598
vt 0.062500 0.653535
vt 0.062500 0.181607
vt 0.062500 0.594545
vt 0.062500 0.122616
vt 0.062500 0.535554
vt 0.062500 0.063625
vt 0.062500 0.476562
vt 0.078125 0.948491
vt 0.062500 0.889499
vt 0.078125 0.004634
vt 0.062500 0.417571
vt 0.062500 0.830509
vt 0.031250 0.122616
vt 0.031250 0.063625
vt 0.031250 0.535554
vt 0.031250 0.476562
vt 0.046875 0.948491
vt 0.031250 0.889499
vt 0.046875 0.004634
vt 0.031250 0.417571
vt 0.031250 0.830509
vt 0.031250 0.358581
vt 0.031250 0.771518
vt 0.031250 0.299589
vt 0.031250 0.712527
vt 0.031250 0.240598
vt 0.031250 0.653536
vt 0.031250 0.181607
vt 0.031250 0.594545
vt 0.000000 0.771518
vt 0.000000 0.712527
vt 0.000000 0.299589
vt 0.000000 0.240598
vt 0.000000 0.653536
vt 0.000000 0.181607
vt 0.000000 0.594545
vt 0.000000 0.122616
vt 0.000000 0.535554
vt 0.000000 0.063625
vt 0.000000 0.476562
vt 0.015625 0.948491
vt 0.000000 0.889499
vt 0.015625 0.004634
vt 0.000000 0.417571
vt 0.000000 0.830509
vt 0.000000 0.358581
vt 1.000000 0.476562
vt 1.000000 0.535554
vt 0.968750 0.535554
vt 0.968750 0.476562
vt 1.000000 0.889499
vt 0.984375 0.948491
vt 0.968750 0.889500
vt 0.984375 0.004634
vt 1.000000 0.063625
vt 0.968750 0.063625
vt 1.000000 0.417571
vt 0.968750 0.417571
vt 1.000000 0.830509
vt 0.968750 0.830509
vt 1.000000 0.358581
vt 0.968750 0.358580
vt 1.000000 0.771518
vt 0.968750 0.771518
vt 1.000000 0.299589
vt 0.968750 0.299589
vt 1.000000 0.712527
vt 0.968750 0.712527
vt 1.000000 0.240598
vt 0.968750 0.240598
vt 1.000000 0.653536
vt 0.968750 0.653536
vt 1.000000 0.181607
vt 0.968750 0.181607
vt 1.000000 0.594545
vt 0.968750 0.594545
vt 1.000000 0.122616
vt 0.968750 0.122616
vt 0.937500 0.299589
vt 0.937500 0.240598
vt 0.937500 0.712527
vt 0.937500 0.653536
vt 0.937500 0.181607
vt 0.937500 0.594545
vt 0.937500 0.122616
vt 0.937500 0.535554
vt 0.937500 0.063625
vt 0.937500 0.476562
vt 0.953125 0.948491
vt 0.937500 0.889500
vt 0.953125 0.004634
vt 0.937500 0.417571
vt 0.937500 0.830509
vt 0.937500 0.358580
vt 0.937500 0.771518
vt 0.921875 0.004634
vt 0.906250 0.063625
vt 0.906250 0.476562
vt 0.906250 0.417571
vt 0.906250 0.889500
vt 0.906250 0.830509
vt 0.906250 0.358580
vt 0.906250 0.771518
vt 0.906250 0.299589
vt 0.906250 0.712527
vt 0.906250 0.240598
vt 0.906250 0.653536
vt 0.906250 0.181607
vt 0.906250 0.594545
vt 0.906250 0.122616
vt 0.906250 0.535554
vt 0.921875 0.948491
vt 0.875000 0.240598
vt 0.875000 0.181607
vt 0.875000 0.653536
vt 0.875000 0.594545
vt 0.875000 0.122616
vt 0.875000 0.535554
vt 0.875000 0.063625
vt 0.875000 0.476562
vt 0.890625 0.948491
vt 0.875000 0.889500
vt 0.890625 0.004634
vt 0.875000 0.417571
vt 0.875000 0.830509
vt 0.875000 0.358580
vt 0.875000 0.771518
vt 0.875000 0.299589
vt 0.875000 0.712527
vt 0.843750 0.889500
vt 0.843750 0.830509
vt 0.843750 0.417571
vt 0.843750 0.358580
vt 0.843750 0.771518
vt 0.843750 0.299589
vt 0.843750 0.712527
vt 0.843750 0.240598
vt 0.843750 0.653536
vt 0.843750 0.181607
vt 0.843750 0.594545
vt 0.843750 0.122616
vt 0.843750 0.535554
vt 0.843750 0.063625
vt 0.843750 0.476562
vt 0.859375 0.948491
vt 0.859375 0.004634
vt 0.812500 0.653536
vt 0.812500 0.594545
vt 0.812500 0.181607
vt 0.812500 0.122616
vt 0.812500 0.535554
vt 0.812500 0.063625
vt 0.812500 0.476562
vt 0.828125 0.948491
vt 0.812500 0.889500
vt 0.828125 0.004634
vt 0.812500 0.417571
vt 0.812500 0.830509
vt 0.812500 0.358580
vt 0.812500 0.771518
vt 0.812500 0.299589
vt 0.812500 0.712527
vt 0.812500 0.240598
vt 0.781250 0.417571
vt 0.781250 0.358580
vt 0.781250 0.830509
vt 0.781250 0.771518
vt 0.781250 0.299589
vt 0.781250 0.712527
vt 0.781250 0.240598
vt 0.781250 0.653536
vt 0.781250 0.181607
vt 0.781250 0.594545
vt 0.781250 0.122616
vt 0.781250 0.535554
vt 0.781250 0.063625
vt 0.781250 0.476562
vt 0.796875 0.948491
vt 0.781250 0.889500
vt 0.796875 0.004634
vt 0.765625 0.948491
vt 0.765625 0.004634
vn 0.0000 0.3805 -0.9247
vn 0.0000 0.5528 -0.8333
vn 0.1626 0.5528 -0.8173
vn 0.1804 0.3805 -0.9070
vn 0.0000 -0.9217 -0.3879
vn 0.0000 -0.8286 -0.5598
vn 0.1092 -0.8286 -0.5490
vn 0.0757 -0.9217 -0.3804
vn 0.0000 0.1939 -0.9810
vn 0.1914 0.1939 -0.9622
vn 0.0000 -0.9796 -0.2010
vn 0.0392 -0.9796 -0.1971
vn 0.0000 0.0000 -1.0000
vn 0.1951 0.0000 -0.9808
vn 0.0000 0.9796 -0.2010
vn 0.0000 1.0000 0.0000
vn 0.0392 0.9796 -0.1971
vn 0.0000 -1.0000 0.0000
vn 0.0000 -0.1939 -0.9810
vn 0.1914 -0.1939 -0.9622
vn 0.0000 0.9217 -0.3879
vn 0.0757 0.9217 -0.3804
vn 0.0000 -0.3805 -0.9247
vn 0.1804 -0.3805 -0.9070
vn 0.0000 0.8286 -0.5598
vn 0.1092 0.8286 -0.5490
vn 0.0000 -0.5528 -0.8333
vn 0.1626 -0.5528 -0.8173
vn 0.0000 0.7040 -0.7101
vn 0.1385 0.7040 -0.6965
vn 0.0000 -0.7040 -0.7101
vn 0.1385 -0.7040 -0.6965
vn 0.2717 0.7040 -0.6561
vn 0.3189 0.5528 -0.7699
vn 0.2717 -0.7040 -0.6561
vn 0.2142 -0.8286 -0.5171
vn 0.3539 0.3805 -0.8544
vn 0.1484 -0.9217 -0.3583
vn 0.3754 0.1939 -0.9063
vn 0.0769 -0.9796 -0.1856
vn 0.3827 0.0000 -0.9239
vn 0.0769 0.9796 -0.1856
vn 0.3754 -0.1939 -0.9063
vn 0.1484 0.9217 -0.3583
vn 0.3539 -0.3805 -0.8544
vn 0.2142 0.8286 -0.5171
vn 0.3189 -0.5528 -0.7699
vn 0.5556 0.0000 -0.8314
vn 0.5450 -0.1939 -0.8157
vn 0.1116 0.9796 -0.1671
vn 0.2155 0.9217 -0.3225
vn 0.5137 -0.3805 -0.7689
vn 0.3110 0.8286 -0.4654
vn 0.4630 -0.5528 -0.6929
vn 0.3945 0.7040 -0.5904
vn 0.3945 -0.7040 -0.5904
vn 0.4630 0.5528 -0.6929
vn 0.3110 -0.8286 -0.4654
vn 0.5137 0.3805 -0.7689
vn 0.2155 -0.9217 -0.3225
vn 0.5450 0.1939 -0.8157
vn 0.1116 -0.9796 -0.1671
vn 0.5021 -0.7040 -0.5021
vn 0.3958 -0.8286 -0.3958
vn 0.5893 0.5528 -0.5893
vn 0.6539 0.3805 -0.6539
vn 0.2743 -0.9217 -0.2743
vn 0.6937 0.1939 -0.6937
vn 0.1421 -0.9796 -0.1421
vn 0.7071 0.0000 -0.7071
vn 0.1421 0.9796 -0.1421
vn 0.6937 -0.1939 -0.6937
vn 0.2743 0.9217 -0.2743
vn 0.6539 -0.3805 -0.6539
vn 0.3958 0.8286 -0.3958
vn 0.5893 -0.5528 -0.5893
vn 0.5021 0.7040 -0.5021
vn 0.1671 0.9796 -0.1116
vn 0.3225 0.9217 -0.2155
vn 0.8157 -0.1939 -0.5450
vn 0.7689 -0.3805 -0.5137
vn 0.4654 0.8286 -0.3110
vn 0.6929 -0.5528 -0.4630
vn 0.5904 0.7040 -0.3945
vn 0.5904 -0.7040 -0.3945
vn 0.6929 0.5528 -0.4630
vn 0.4654 -0.8286 -0.3110
vn 0.7689 0.3805 -0.5137
vn 0.3225 -0.9217 -0.2155
vn 0.8157 0.1939 -0.5450
vn 0.1671 -0.9796 -0.1116
vn 0.8314 0.0000 -0.5556
vn 0.7699 0.5528 -0.3189
vn 0.8544 0.3805 -0.3539
vn 0.5171 -0.8286 -0.2142
vn 0.3583 -0.9217 -0.1484
vn 0.9063 0.1939 -0.3754
vn 0.1856 -0.9796 -0.0769
vn 0.9239 0.0000 -0.3827
vn 0.1856 0.9796 -0.0769
vn 0.9063 -0.1939 -0.3754
vn 0.3583 0.9217 -0.1484
vn 0.8544 -0.3805 -0.3539
vn 0.5171 0.8286 -0.2142
vn 0.7699 -0.5528 -0.3189
vn 0.6561 0.7040 -0.2717
vn 0.6561 -0.7040 -0.2717
vn 0.9622 -0.1939 -0.1914
vn 0.9070 -0.3805 -0.1804
vn 0.3804 0.9217 -0.0757
vn 0.5490 0.8286 -0.1092
vn 0.8173 -0.5528 -0.1626
vn 0.6965 0.7040 -0.1385
vn 0.6965 -0.7040 -0.1385
vn 0.8173 0.5528 -0.1626
vn 0.5490 -0.8286 -0.1092
vn 0.9070 0.3805 -0.1804
vn 0.3804 -0.9217 -0.0757
vn 0.9622 0.1939 -0.1914
vn 0.1971 -0.9796 -0.0392
vn 0.9808 0.0000 -0.1951
vn 0.1971 0.9796 -0.0392
vn 0.5598 -0.8286 0.0000
vn 0.3879 -0.9217 0.0000
vn 0.9247 0.3805 0.0000
vn 0.9810 0.1939 0.0000
vn 0.2010 -0.9796 0.0000
vn 1.0000 0.0000 0.0000
vn 0.2010 0.9796 0.0000
vn 0.9810 -0.1939 0.0000
vn 0.3879 0.9217 0.0000
vn 0.9247 -0.3805 0.0000
vn 0.5598 0.8286 0.0000
vn 0.8333 -0.5528 0.0000
vn 0.7101 0.7040 0.0000
vn 0.7101 -0.7040 0.0000
vn 0.8333 0.5528 0.0000
vn 0.9070 -0.3805 0.1804
vn 0.8173 -0.5528 0.1626
vn 0.5490 0.8286 0.1092
vn 0.6965 0.7040 0.1385
vn 0.6965 -0.7040 0.1385
vn 0.8173 0.5528 0.1626
vn 0.5490 -0.8286 0.1092
vn 0.9070 0.3805 0.1804
vn 0.3804 -0.9217 0.0757
vn 0.9622 0.1939 0.1914
vn 0.1971 -0.9796 0.0392
vn 0.9808 0.0000 0.1951
vn 0.1971 0.9796 0.0392
vn 0.9622 -0.1939 0.1914
vn 0.3804 0.9217 0.0757
vn 0.3583 -0.9217 0.1484
vn 0.1856 -0.9796 0.0769
vn 0.9063 0.1939 0.3754
vn 0.9239 0.0000 0.3827
vn 0.1856 0.9796 0.0769
vn 0.9063 -0.1939 0.3754
vn 0.3583 0.9217 0.1484
vn 0.8544 -0.3805 0.3539
vn 0.5171 0.8286 0.2142
vn 0.7699 -0.5528 0.3189
vn 0.6561 0.7040 0.2717
vn 0.6561 -0.7040 0.2717
vn 0.7699 0.5528 0.3189
vn 0.5171 -0.8286 0.2142
vn 0.8544 0.3805 0.3539
vn 0.4654 0.8286 0.3110
vn 0.5904 0.7040 0.3945
vn 0.6929 -0.5528 0.4630
vn 0.5904 -0.7040 0.3945
vn 0.6929 0.5528 0.4630
vn 0.4654 -0.8286 0.3110
vn 0.7689 0.3805 0.5137
vn 0.3225 -0.9217 0.2155
vn 0.8157 0.1939 0.5450
vn 0.1671 -0.9796 0.1116
vn 0.8314 0.0000 0.5556
vn 0.1671 0.9796 0.1116
vn 0.8157 -0.1939 0.5450
vn 0.3225 0.9217 0.2155
vn 0.7689 -0.3805 0.5137
vn 0.6937 0.1939 0.6937
vn 0.7071 0.0000 0.7071
vn 0.1421 0.9796 0.1421
vn 0.1421 -0.9796 0.1421
vn 0.6937 -0.1939 0.6937
vn 0.2743 0.9217 0.2743
vn 0.6539 -0.3805 0.6539
vn 0.3958 0.8286 0.3958
vn 0.5893 -0.5528 0.5893
vn 0.5021 0.7040 0.5021
vn 0.5021 -0.7040 0.5021
vn 0.5893 0.5528 0.5893
vn 0.3958 -0.8286 0.3958
vn 0.6539 0.3805 0.6539
vn 0.2743 -0.9217 0.2743
vn 0.4630 -0.5528 0.6929
vn 0.3945 -0.7040 0.5904
vn 0.3945 0.7040 0.5904
vn 0.4630 0.5528 0.6929
vn 0.3110 -0.8286 0.4654
vn 0.5137 0.3805 0.7689
vn 0.2155 -0.9217 0.3225
vn 0.5450 0.1939 0.8157
vn 0.1116 -0.9796 0.1671
vn 0.5556 0.0000 0.8314
vn 0.1116 0.9796 0.1671
vn 0.5450 -0.1939 0.8157
vn 0.2155 0.9217 0.3225
vn 0.5137 -0.3805 0.7689
vn 0.3110 0.8286 0.4654
vn 0.0769 0.9796 0.1856
vn 0.0769 -0.9796 0.1856
vn 0.3827 0.0000 0.9239
vn 0.3754 -0.1939 0.9063
vn 0.1484 0.9217 0.3583
vn 0.3539 -0.3805 0.8544
vn 0.2142 0.8286 0.5171
vn 0.3189 -0.5528 0.7699
vn 0.2717 0.7040 0.6561
vn 0.2717 -0.7040 0.6561
vn 0.3189 0.5528 0.7699
vn 0.2142 -0.8286 0.5171
vn 0.3539 0.3805 0.8544
vn 0.1484 -0.9217 0.3583
vn 0.3754 0.1939 0.9063
vn 0.1385 0.7040 0.6965
vn 0.1626 0.5528 0.8173
vn 0.1385 -0.7040 0.6965
vn 0.1092 -0.8286 0.5490
vn 0.1804 0.3805 0.9070
vn 0.0757 -0.9217 0.3804
vn 0.1914 0.1939 0.9622
vn 0.0392 -0.9796 0.1971
vn 0.1951 0.0000 0.9808
vn 0.0392 0.9796 0.1971
vn 0.1914 -0.1939 0.9622
vn 0.0757 0.9217 0.3804
vn 0.1804 -0.3805 0.9070
vn 0.1092 0.8286 0.5490
vn 0.1626 -0.5528 0.8173
vn 0.0000 0.0000 1.0000
vn 0.0000 -0.1939 0.9810
vn 0.0000 0.9796 0.2010
vn 0.0000 0.9217 0.3879
vn 0.0000 -0.3805 0.9247
vn 0.0000 0.8286 0.5598
vn 0.0000 -0.5528 0.8333
vn 0.0000 0.7040 0.7101
vn 0.0000 -0.7040 0.7101
vn 0.0000 0.5528 0.8333
vn 0.0000 -0.8286 0.5598
vn 0.0000 0.3805 0.9247
vn 0.0000 -0.9217 0.3879
vn 0.0000 0.1939 0.9810
vn 0.0000 -0.9796 0.2010
vn -0.1385 -0.7040 0.6965
vn -0.1092 -0.8286 0.5490
vn -0.1626 0.5528 0.8173
vn -0.1804 0.3805 0.9070
vn -0.0757 -0.9217 0.3804
vn -0.1914 0.1939 0.9622
vn -0.0392 -0.9796 0.1971
vn -0.1951 0.0000 0.9808
vn -0.0392 0.9796 0.1971
vn -0.1914 -0.1939 0.9622
vn -0.0757 0.9217 0.3804
vn -0.1804 -0.3805 0.9070
vn -0.1092 0.8286 0.5490
vn -0.1626 -0.5528 0.8173
vn -0.1385 0.7040 0.6965
vn -0.3754 -0.1939 0.9063
vn -0.3539 -0.3805 0.8544
vn -0.1484 0.9217 0.3583
vn -0.2142 0.8286 0.5171
vn -0.3189 -0.5528 0.7699
vn -0.2717 0.7040 0.6561
vn -0.2717 -0.7040 0.6561
vn -0.3189 0.5528 0.7699
vn -0.2142 -0.8286 0.5171
vn -0.3539 0.3805 0.8544
vn -0.1484 -0.9217 0.3583
vn -0.3754 0.1939 0.9063
vn -0.0769 -0.9796 0.1856
vn -0.3827 0.0000 0.9239
vn -0.0769 0.9796 0.1856
vn -0.3110 -0.8286 0.4654
vn -0.2155 -0.9217 0.3225
vn -0.5137 0.3805 0.7689
vn -0.5450 0.1939 0.8157
vn -0.1116 -0.9796 0.1671
vn -0.5556 0.0000 0.8314
vn -0.1116 0.9796 0.1671
vn -0.5450 -0.1939 0.8157
vn -0.2155 0.9217 0.3225
vn -0.5137 -0.3805 0.7689
vn -0.3110 0.8286 0.4654
vn -0.4630 -0.5528 0.6929
vn -0.3945 0.7040 0.5904
vn -0.3945 -0.7040 0.5904
vn -0.4630 0.5528 0.6929
vn -0.2743 0.9217 0.2743
vn -0.3958 0.8286 0.3958
vn -0.6539 -0.3805 0.6539
vn -0.5893 -0.5528 0.5893
vn -0.5021 0.7040 0.5021
vn -0.5021 -0.7040 0.5021
vn -0.5893 0.5528 0.5893
vn -0.3958 -0.8286 0.3958
vn -0.6539 0.3805 0.6539
vn -0.2743 -0.9217 0.2743
vn -0.6937 0.1939 0.6937
vn -0.1421 -0.9796 0.1421
vn -0.7071 0.0000 0.7071
vn -0.1421 0.9796 0.1421
vn -0.6937 -0.1939 0.6937
vn -0.7689 0.3805 0.5137
vn -0.8157 0.1939 0.5450
vn -0.3225 -0.9217 0.2155
vn -0.1671 -0.9796 0.1116
vn -0.8314 0.0000 0.5556
vn -0.1671 0.9796 0.1116
vn -0.8157 -0.1939 0.5450
vn -0.3225 0.9217 0.2155
vn -0.7689 -0.3805 0.5137
vn -0.4654 0.8286 0.3110
vn -0.6929 -0.5528 0.4630
vn -0.5904 0.7040 0.3945
vn -0.5904 -0.7040 0.3945
vn -0.6929 0.5528 0.4630
vn -0.4654 -0.8286 0.3110
vn -0.8544 -0.3805 0.3539
vn -0.7699 -0.5528 0.3189
vn -0.5171 0.8286 0.2142
vn -0.6561 0.7040 0.2717
vn -0.6561 -0.7040 0.2717
vn -0.7699 0.5528 0.3189
vn -0.5171 -0.8286 0.2142
vn -0.8544 0.3805 0.3539
vn -0.3583 -0.9217 0.1484
vn -0.9063 0.1939 0.3754
vn -0.1856 -0.9796 0.0769
vn -0.9239 0.0000 0.3827
vn -0.1856 0.9796 0.0769
vn -0.9063 -0.1939 0.3754
vn -0.3583 0.9217 0.1484
vn -0.3804 -0.9217 0.0757
vn -0.1971 -0.9796 0.0392
vn -0.9622 0.1939 0.1914
vn -0.9808 0.0000 0.1951
vn -0.1971 0.9796 0.0392
vn -0.9622 -0.1939 0.1914
vn -0.3804 0.9217 0.0757
vn -0.9070 -0.3805 0.1804
vn -0.5490 0.8286 0.1092
vn -0.8173 -0.5528 0.1626
vn -0.6965 0.7040 0.1385
vn -0.6965 -0.7040 0.1385
vn -0.8173 0.5528 0.1626
vn -0.5490 -0.8286 0.1092
vn -0.9070 0.3805 0.1804
vn -0.5598 0.8286 0.0000
vn -0.7101 0.7040 0.0000
vn -0.8333 -0.5528 0.0000
vn -0.7101 -0.7040 0.0000
vn -0.8333 0.5528 0.0000
vn -0.5598 -0.8286 0.0000
vn -0.9247 0.3805 0.0000
vn -0.3879 -0.9217 0.0000
vn -0.9810 0.1939 0.0000
vn -0.2010 -0.9796 0.0000
vn -1.0000 0.0000 0.0000
vn -0.2010 0.9796 0.0000
vn -0.9810 -0.1939 0.0000
vn -0.3879 0.9217 0.0000
vn -0.9247 -0.3805 0.0000
vn -0.9622 0.1939 -0.1914
vn -0.9808 0.0000 -0.1951
vn -0.1971 0.9796 -0.0392
vn -0.1971 -0.9796 -0.0392
vn -0.9622 -0.1939 -0.1914
vn -0.3804 0.9217 -0.0757
vn -0.9070 -0.3805 -0.1804
vn -0.5490 0.8286 -0.1092
vn -0.8173 -0.5528 -0.1626
vn -0.6965 0.7040 -0.1385
vn -0.6965 -0.7040 -0.1385
vn -0.8173 0.5528 -0.1626
vn -0.5490 -0.8286 -0.1092
vn -0.9070 0.3805 -0.1804
vn -0.3804 -0.9217 -0.0757
vn -0.7699 -0.5528 -0.3189
vn -0.6561 -0.7040 -0.2717
vn -0.6561 0.7040 -0.2717
vn -0.7699 0.5528 -0.3189
vn -0.5171 -0.8286 -0.2142
vn -0.8544 0.3805 -0.3539
vn -0.3583 -0.9217 -0.1484
vn -0.9063 0.1939 -0.3754
vn -0.1856 -0.9796 -0.0769
vn -0.9239 0.0000 -0.3827
vn -0.1856 0.9796 -0.0769
vn -0.9063 -0.1939 -0.3754
vn -0.3583 0.9217 -0.1484
vn -0.8544 -0.3805 -0.3539
vn -0.5171 0.8286 -0.2142
vn -0.1671 -0.9796 -0.1116
vn -0.8314 0.0000 -0.5556
vn -0.8157 -0.1939 -0.5450
vn -0.1671 0.9796 -0.1116
vn -0.3225 0.9217 -0.2155
vn -0.7689 -0.3805 -0.5137
vn -0.4654 0.8286 -0.3110
vn -0.6929 -0.5528 -0.4630
vn -0.5904 0.7040 -0.3945
vn -0.5904 -0.7040 -0.3945
vn -0.6929 0.5528 -0.4630
vn -0.4654 -0.8286 -0.3110
vn -0.7689 0.3805 -0.5137
vn -0.3225 -0.9217 -0.2155
vn -0.8157 0.1939 -0.5450
vn -0.5021 -0.7040 -0.5021
vn -0.3958 -0.8286 -0.3958
vn -0.5893 0.5528 -0.5893
vn -0.6539 0.3805 -0.6539
vn -0.2743 -0.9217 -0.2743
vn -0.6937 0.1939 -0.6937
vn -0.1421 -0.9796 -0.1421
vn -0.7071 0.0000 -0.7071
vn -0.1421 0.9796 -0.1421
vn -0.6937 -0.1939 -0.6937
vn -0.2743 0.9217 -0.2743
vn -0.6539 -0.3805 -0.6539
vn -0.3958 0.8286 -0.3958
vn -0.5893 -0.5528 -0.5893
vn -0.5021 0.7040 -0.5021
vn -0.1116 0.9796 -0.1671
vn -0.2155 0.9217 -0.3225
vn -0.5450 -0.1939 -0.8157
vn -0.5137 -0.3805 -0.7689
vn -0.3110 0.8286 -0.4654
vn -0.4630 -0.5528 -0.6929
vn -0.3945 0.7040 -0.5904
vn -0.3945 -0.7040 -0.5904
vn -0.4630 0.5528 -0.6929
vn -0.3110 -0.8286 -0.4654
vn -0.5137 0.3805 -0.7689
vn -0.2155 -0.9217 -0.3225
vn -0.5450 0.1939 -0.8157
vn -0.1116 -0.9796 -0.1671
vn -0.5556 0.0000 -0.8314
vn -0.3189 0.5528 -0.7699
vn -0.3539 0.3805 -0.8544
vn -0.2142 -0.8286 -0.5171
vn -0.1484 -0.9217 -0.3583
vn -0.3754 0.1939 -0.9063
vn -0.0769 -0.9796 -0.1856
vn -0.3827 0.0000 -0.9239
vn -0.0769 0.9796 -0.1856
vn -0.3754 -0.1939 -0.9063
vn -0.1484 0.9217 -0.3583
vn -0.3539 -0.3805 -0.8544
vn -0.2142 0.8286 -0.5171
vn -0.3189 -0.5528 -0.7699
vn -0.2717 0.7040 -0.6561
vn -0.2717 -0.7040 -0.6561
vn -0.1914 -0.1939 -0.9622
vn -0.1804 -0.3805 -0.9070
vn -0.0757 0.9217 -0.3804
vn -0.1092 0.8286 -0.5490
vn -0.1626 -0.5528 -0.8173
vn -0.1385 0.7040 -0.6965
vn -0.1385 -0.7040 -0.6965
vn -0.1626 0.5528 -0.8173
vn -0.1092 -0.8286 -0.5490
vn -0.1804 0.3805 -0.9070
vn -0.0757 -0.9217 -0.3804
vn -0.1914 0.1939 -0.9622
vn -0.0392 -0.9796 -0.1971
vn -0.1951 0.0000 -0.9808
vn -0.0392 0.9796 -0.1971
usemtl Material.001
s 1
f 6/1/1 5/2/2 15/3/3 16/4/4
f 481/5/5 10/6/6 23/7/7 24/8/8
f 7/9/9 6/1/1 16/4/4 17/10/10
f 482/11/11 481/5/5 24/8/8 25/12/12
f 8/13/13 7/9/9 17/10/10 18/14/14
f 1/15/15 297/16/16 11/17/17
f 206/18/18 482/11/11 25/12/12
f 9/19/19 8/13/13 18/14/14 19/20/20
f 2/21/21 1/15/15 11/17/17 12/22/22
f 478/23/23 9/19/19 19/20/20 20/24/24
f 3/25/25 2/21/21 12/22/22 13/26/26
f 479/27/27 478/23/23 20/24/24 21/28/28
f 4/29/29 3/25/25 13/26/26 14/30/30
f 480/31/31 479/27/27 21/28/28 22/32/32
f 5/2/2 4/29/29 14/30/30 15/3/3
f 10/6/6 480/31/31 22/32/32 23/7/7
f 15/3/3 14/30/30 29/33/33 30/34/34
f 23/7/7 22/32/32 37/35/35 38/36/36
f 16/4/4 15/3/3 30/34/34 31/37/37
f 24/8/8 23/7/7 38/36/36 39/38/38
f 17/10/10 16/4/4 31/37/37 32/39/39
f 25/12/12 24/8/8 39/38/38 40/40/40
f 18/14/14 17/10/10 32/39/39 33/41/41
f 11/17/17 297/42/16 26/43/42
f 206/44/18 25/12/12 40/40/40
f 19/20/20 18/14/14 33/41/41 34/45/43
f 12/22/22 11/17/17 26/43/42 27/46/44
f 20/24/24 19/20/20 34/45/43 35/47/45
f 13/26/26 12/22/22 27/46/44 28/48/46
f 21/28/28 20/24/24 35/47/45 36/49/47
f 14/30/30 13/26/26 28/48/46 29/33/33
f 22/32/32 21/28/28 36/49/47 37/35/35
f 34/45/43 33/41/41 48/50/48 49/51/49
f 27/46/44 26/43/42 41/52/50 42/53/51
f 35/47/45 34/45/43 49/51/49 50/54/52
f 28/48/46 27/46/44 42/53/51 43/55/53
f 36/49/47 35/47/45 50/54/52 51/56/54
f 29/33/33 28/48/46 43/55/53 44/57/55
f 37/35/35 36/49/47 51/56/54 52/58/56
f 30/34/34 29/33/33 44/57/55 45/59/57
f 38/36/36 37/35/35 52/58/56 53/60/58
f 31/37/37 30/34/34 45/59/57 46/61/59
f 39/38/38 38/36/36 53/60/58 54/62/60
f 32/39/39 31/37/37 46/61/59 47/63/61
f 40/40/40 39/38/38 54/62/60 55/64/62
f 33/41/41 32/39/39 47/63/61 48/50/48
f 26/43/42 297/65/16 41/52/50
f 206/66/18 40/40/40 55/64/62
f 53/60/58 52/58/56 67/67/63 68/68/64
f 46/61/59 45/59/57 60/69/65 61/70/66
f 54/62/60 53/60/58 68/68/64 69/71/67
f 47/63/61 46/61/59 61/70/66 62/72/68
f 55/64/62 54/62/60 69/71/67 70/73/69
f 48/50/48 47/63/61 62/72/68 63/74/70
f 41/52/50 297/75/16 56/76/71
f 206/77/18 55/64/62 70/73/69
f 49/51/49 48/50/48 63/74/70 64/78/72
f 42/53/51 41/52/50 56/76/71 57/79/73
f 50/54/52 49/51/49 64/78/72 65/80/74
f 43/55/53 42/53/51 57/79/73 58/81/75
f 51/56/54 50/54/52 65/80/74 66/82/76
f 44/57/55 43/55/53 58/81/75 59/83/77
f 52/58/56 51/56/54 66/82/76 67/67/63
f 45/59/57 44/57/55 59/83/77 60/69/65
f 57/79/73 56/76/71 71/84/78 72/85/79
f 65/80/74 64/78/72 79/86/80 80/87/81
f 58/81/75 57/79/73 72/85/79 73/88/82
f 66/82/76 65/80/74 80/87/81 81/89/83
f 59/83/77 58/81/75 73/88/82 74/90/84
f 67/67/63 66/82/76 81/89/83 82/91/85
f 60/69/65 59/83/77 74/90/84 75/92/86
f 68/68/64 67/67/63 82/91/85 83/93/87
f 61/70/66 60/69/65 75/92/86 76/94/88
f 69/71/67 68/68/64 83/93/87 84/95/89
f 62/72/68 61/70/66 76/94/88 77/96/90
f 70/73/69 69/71/67 84/95/89 85/97/91
f 63/74/70 62/72/68 77/96/90 78/98/92
f 56/76/71 297/99/16 71/84/78
f 206/100/18 70/73/69 85/97/91
f 64/78/72 63/74/70 78/98/92 79/86/80
f 76/94/88 75/92/86 90/101/93 91/102/94
f 84/95/89 83/93/87 98/103/95 99/104/96
f 77/96/90 76/94/88 91/102/94 92/105/97
f 85/97/91 84/95/89 99/104/96 100/106/98
f 78/98/92 77/96/90 92/105/97 93/107/99
f 71/84/78 297/108/16 86/109/100
f 206/110/18 85/97/91 100/106/98
f 79/86/80 78/98/92 93/107/99 94/111/101
f 72/85/79 71/84/78 86/109/100 87/112/102
f 80/87/81 79/86/80 94/111/101 95/113/103
f 73/88/82 72/85/79 87/112/102 88/114/104
f 81/89/83 80/87/81 95/113/103 96/115/105
f 74/90/84 73/88/82 88/114/104 89/116/106
f 82/91/85 81/89/83 96/115/105 97/117/107
f 75/92/86 74/90/84 89/116/106 90/101/93
f 83/93/87 82/91/85 97/117/107 98/103/95
f 95/113/103 94/111/101 109/118/108 110/119/109
f 88/114/104 87/112/102 102/120/110 103/121/111
f 96/115/105 95/113/103 110/119/109 111/122/112
f 89/116/106 88/114/104 103/121/111 104/123/113
f 97/117/107 96/115/105 111/122/112 112/124/114
f 90/101/93 89/116/106 104/123/113 105/125/115
f 98/103/95 97/117/107 112/124/114 113/126/116
f 91/102/94 90/101/93 105/125/115 106/127/117
f 99/104/96 98/103/95 113/126/116 114/128/118
f 92/105/97 91/102/94 106/127/117 107/129/119
f 100/106/98 99/104/96 114/128/118 115/130/120
f 93/107/99 92/105/97 107/129/119 108/131/121
f 86/109/100 297/132/16 101/133/122
f 206/134/18 100/106/98 115/130/120
f 94/111/101 93/107/99 108/131/121 109/118/108
f 87/112/102 86/109/100 101/133/122 102/120/110
f 114/128/118 113/126/116 128/135/123 129/136/124
f 107/129/119 106/127/117 121/137/125 122/138/126
f 115/130/120 114/128/118 129/136/124 130/139/127
f 108/131/121 107/129/119 122/138/126 123/140/128
f 101/133/122 297/141/16 116/142/129
f 206/143/18 115/130/120 130/139/127
f 109/118/108 108/131/121 123/140/128 124/144/130
f 102/120/110 101/133/122 116/142/129 117/145/131
f 110/119/109 109/118/108 124/144/130 125/146/132
f 103/121/111 102/120/110 117/145/131 118/147/133
f 111/122/112 110/119/109 125/146/132 126/148/134
f 104/123/113 103/121/111 118/147/133 119/149/135
f 112/124/114 111/122/112 126/148/134 127/150/136
f 105/125/115 104/123/113 119/149/135 120/151/137
f 113/126/116 112/124/114 127/150/136 128/135/123
f 106/127/117 105/125/115 120/151/137 121/137/125
f 126/148/134 125/146/132 140/152/138 141/153/139
f 119/149/135 118/147/133 133/154/140 134/155/141
f 127/150/136 126/148/134 141/153/139 142/156/142
f 120/151/137 119/149/135 134/155/141 135/157/143
f 128/135/123 127/150/136 142/156/142 143/158/144
f 121/137/125 120/151/137 135/157/143 136/159/145
f 129/136/124 128/135/123 143/158/144 144/160/146
f 122/138/126 121/137/125 136/159/145 137/161/147
f 130/139/127 129/136/124 144/160/146 145/162/148
f 123/140/128 122/138/126 137/161/147 138/163/149
f 116/142/129 297/164/16 131/165/150
f 206/166/18 130/139/127 145/162/148
f 124/144/130 123/140/128 138/163/149 139/167/151
f 117/145/131 116/142/129 131/165/150 132/168/152
f 125/146/132 124/144/130 139/167/151 140/152/138
f 118/147/133 117/145/131 132/168/152 133/154/140
f 145/162/148 144/160/146 159/169/153 160/170/154
f 138/163/149 137/161/147 152/171/155 153/172/156
f 131/165/150 297/173/16 146/174/157
f 206/175/18 145/162/148 160/170/154
f 139/167/151 138/163/149 153/172/156 154/176/158
f 132/168/152 131/165/150 146/174/157 147/177/159
f 140/152/138 139/167/151 154/176/158 155/178/160
f 133/154/140 132/168/152 147/177/159 148/179/161
f 141/153/139 140/152/138 155/178/160 156/180/162
f 134/155/141 133/154/140 148/179/161 149/181/163
f 142/156/142 141/153/139 156/180/162 157/182/164
f 135/157/143 134/155/141 149/181/163 150/183/165
f 143/158/144 142/156/142 157/182/164 158/184/166
f 136/159/145 135/157/143 150/183/165 151/185/167
f 144/160/146 143/158/144 158/184/166 159/169/153
f 137/161/147 136/159/145 151/185/167 152/171/155
f 149/181/163 148/179/161 163/186/168 164/187/169
f 157/182/164 156/180/162 171/188/170 172/189/171
f 150/183/165 149/181/163 164/187/169 165/190/172
f 158/184/166 157/182/164 172/189/171 173/191/173
f 151/185/167 150/183/165 165/190/172 166/192/174
f 159/169/153 158/184/166 173/191/173 174/193/175
f 152/171/155 151/185/167 166/192/174 167/194/176
f 160/170/154 159/169/153 174/193/175 175/195/177
f 153/172/156 152/171/155 167/194/176 168/196/178
f 146/174/157 297/197/16 161/198/179
f 206/199/18 160/170/154 175/195/177
f 154/176/158 153/172/156 168/196/178 169/200/180
f 147/177/159 146/174/157 161/198/179 162/201/181
f 155/178/160 154/176/158 169/200/180 170/202/182
f 148/179/161 147/177/159 162/201/181 163/186/168
f 156/180/162 155/178/160 170/202/182 171/188/170
f 168/196/178 167/194/176 182/203/183 183/204/184
f 161/198/179 297/205/16 176/206/185
f 206/207/18 175/195/177 190/208/186
f 169/200/180 168/196/178 183/204/184 184/209/187
f 162/201/181 161/198/179 176/206/185 177/210/188
f 170/202/182 169/200/180 184/209/187 185/211/189
f 163/186/168 162/201/181 177/210/188 178/212/190
f 171/188/170 170/202/182 185/211/189 186/213/191
f 164/187/169 163/186/168 178/212/190 179/214/192
f 172/189/171 171/188/170 186/213/191 187/215/193
f 165/190/172 164/187/169 179/214/192 180/216/194
f 173/191/173 172/189/171 187/215/193 188/217/195
f 166/192/174 165/190/172 180/216/194 181/218/196
f 174/193/175 173/191/173 188/217/195 189/219/197
f 167/194/176 166/192/174 181/218/196 182/203/183
f 175/195/177 174/193/175 189/219/197 190/208/186
f 187/215/193 186/213/191 201/220/198 202/221/199
f 180/216/194 179/214/192 194/222/200 195/223/201
f 188/217/195 187/215/193 202/221/199 203/224/202
f 181/218/196 180/216/194 195/223/201 196/225/203
f 189/219/197 188/217/195 203/224/202 204/226/204
f 182/203/183 181/218/196 196/225/203 197/227/205
f 190/208/186 189/219/197 204/226/204 205/228/206
f 183/204/184 182/203/183 197/227/205 198/229/207
f 176/206/185 297/230/16 191/231/208
f 206/232/18 190/208/186 205/228/206
f 184/209/187 183/204/184 198/229/207 199/233/209
f 177/210/188 176/206/185 191/231/208 192/234/210
f 185/211/189 184/209/187 199/233/209 200/235/211
f 178/212/190 177/210/188 192/234/210 193/236/212
f 186/213/191 185/211/189 200/235/211 201/220/198
f 179/214/192 178/212/190 193/236/212 194/222/200
f 191/231/208 297/237/16 207/238/213
f 206/239/18 205/228/206 221/240/214
f 199/233/209 198/229/207 214/241/215 215/242/216
f 192/234/210 191/231/208 207/238/213 208/243/217
f 200/235/211 199/233/209 215/242/216 216/244/218
f 193/236/212 192/234/210 208/243/217 209/245/219
f 201/220/198 200/235/211 216/244/218 217/246/220
f 194/222/200 193/236/212 209/245/219 210/247/221
f 202/221/199 201/220/198 217/246/220 218/248/222
f 195/223/201 194/222/200 210/247/221 211/249/223
f 203/224/202 202/221/199 218/248/222 219/250/224
f 196/225/203 195/223/201 211/249/223 212/251/225
f 204/226/204 203/224/202 219/250/224 220/252/226
f 197/227/205 196/225/203 212/251/225 213/253/227
f 205/228/206 204/226/204 220/252/226 221/240/214
f 198/229/207 197/227/205 213/253/227 214/241/215
f 211/249/223 210/247/221 225/254/228 226/255/229
f 219/250/224 218/248/222 233/256/230 234/257/231
f 212/251/225 211/249/223 226/255/229 227/258/232
f 220/252/226 219/250/224 234/257/231 235/259/233
f 213/253/227 212/251/225 227/258/232 228/260/234
f 221/240/214 220/252/226 235/259/233 236/261/235
f 214/241/215 213/253/227 228/260/234 229/262/236
f 207/238/213 297/263/16 222/264/237
f 206/265/18 221/240/214 236/261/235
f 215/242/216 214/241/215 229/262/236 230/266/238
f 208/243/217 207/238/213 222/264/237 223/267/239
f 216/244/218 215/242/216 230/266/238 231/268/240
f 209/245/219 208/243/217 223/267/239 224/269/241
f 217/246/220 216/244/218 231/268/240 232/270/242
f 210/247/221 209/245/219 224/269/241 225/254/228
f 218/248/222 217/246/220 232/270/242 233/256/230
f 230/266/238 229/262/236 244/271/243 245/272/244
f 223/267/239 222/264/237 237/273/245 238/274/246
f 231/268/240 230/266/238 245/272/244 246/275/247
f 224/269/241 223/267/239 238/274/246 239/276/248
f 232/270/242 231/268/240 246/275/247 247/277/249
f 225/254/228 224/269/241 239/276/248 240/278/250
f 233/256/230 232/270/242 247/277/249 248/279/251
f 226/255/229 225/254/228 240/278/250 241/280/252
f 234/257/231 233/256/230 248/279/251 249/281/253
f 227/258/232 226/255/229 241/280/252 242/282/254
f 235/259/233 234/257/231 249/281/253 250/283/255
f 228/260/234 227/258/232 242/282/254 243/284/256
f 236/261/235 235/259/233 250/283/255 251/285/257
f 229/262/236 228/260/234 243/284/256 244/271/243
f 222/264/237 297/286/16 237/273/245
f 206/287/18 236/261/235 251/285/257
f 249/281/253 248/279/251 263/288/258 264/289/259
f 242/282/254 241/280/252 256/290/260 257/291/261
f 250/283/255 249/281/253 264/289/259 265/292/262
f 243/284/256 242/282/254 257/291/261 258/293/263
f 251/285/257 250/283/255 265/292/262 266/294/264
f 244/271/243 243/284/256 258/293/263 259/295/265
f 237/273/245 297/296/16 252/297/266
f 206/298/18 251/285/257 266/294/264
f 245/272/244 244/271/243 259/295/265 260/299/267
f 238/274/246 237/273/245 252/297/266 253/300/268
f 246/275/247 245/272/244 260/299/267 261/301/269
f 239/276/248 238/274/246 253/300/268 254/302/270
f 247/277/249 246/275/247 261/301/269 262/303/271
f 240/278/250 239/276/248 254/302/270 255/304/272
f 248/279/251 247/277/249 262/303/271 263/288/258
f 241/280/252 240/278/250 255/304/272 256/290/260
f 261/301/269 260/299/267 275/305/273 276/306/274
f 254/302/270 253/300/268 268/307/275 269/308/276
f 262/303/271 261/301/269 276/306/274 277/309/277
f 255/304/272 254/302/270 269/308/276 270/310/278
f 263/288/258 262/303/271 277/309/277 278/311/279
f 256/290/260 255/304/272 270/310/278 271/312/280
f 264/289/259 263/288/258 278/311/279 279/313/281
f 257/291/261 256/290/260 271/312/280 272/314/282
f 265/292/262 264/289/259 279/313/281 280/315/283
f 258/293/263 257/291/261 272/314/282 273/316/284
f 266/294/264 265/292/262 280/315/283 281/317/285
f 259/295/265 258/293/263 273/316/284 274/318/286
f 252/297/266 297/319/16 267/320/287
f 206/321/18 266/294/264 281/317/285
f 260/299/267 259/295/265 274/318/286 275/305/273
f 253/300/268 252/297/266 267/320/287 268/307/275
f 280/315/283 279/313/281 294/322/288 295/323/289
f 273/316/284 272/314/282 287/324/290 288/325/291
f 281/317/285 280/315/283 295/323/289 296/326/292
f 274/318/286 273/316/284 288/325/291 289/327/293
f 267/320/287 297/328/16 282/329/294
f 206/330/18 281/317/285 296/326/292
f 275/305/273 274/318/286 289/327/293 290/331/295
f 268/307/275 267/320/287 282/329/294 283/332/296
f 276/306/274 275/305/273 290/331/295 291/333/297
f 269/308/276 268/307/275 283/332/296 284/334/298
f 277/309/277 276/306/274 291/333/297 292/335/299
f 270/310/278 269/308/276 284/334/298 285/336/300
f 278/311/279 277/309/277 292/335/299 293/337/301
f 271/312/280 270/310/278 285/336/300 286/338/302
f 279/313/281 278/311/279 293/337/301 294/322/288
f 272/314/282 271/312/280 286/338/302 287/324/290
f 284/334/298 283/332/296 299/339/303 300/340/304
f 292/335/299 291/333/297 307/341/305 308/342/306
f 285/336/300 284/334/298 300/340/304 301/343/307
f 293/337/301 292/335/299 308/342/306 309/344/308
f 286/338/302 285/336/300 301/343/307 302/345/309
f 294/322/288 293/337/301 309/344/308 310/346/310
f 287/324/290 286/338/302 302/345/309 303/347/311
f 295/323/289 294/322/288 310/346/310 311/348/312
f 288/325/291 287/324/290 303/347/311 304/349/313
f 296/326/292 295/323/289 311/348/312 312/350/314
f 289/327/293 288/325/291 304/349/313 305/351/315
f 282/329/294 297/352/16 298/353/316
f 206/354/18 296/326/292 312/350/314
f 290/331/295 289/327/293 305/351/315 306/355/317
f 283/332/296 282/329/294 298/353/316 299/339/303
f 291/333/297 290/331/295 306/355/317 307/341/305
f 304/349/313 303/347/311 318/356/318 319/357/319
f 312/350/314 311/348/312 326/358/320 327/359/321
f 305/351/315 304/349/313 319/357/319 320/360/322
f 298/353/316 297/361/16 313/362/323
f 206/363/18 312/350/314 327/359/321
f 306/355/317 305/351/315 320/360/322 321/364/324
f 299/339/303 298/353/316 313/362/323 314/365/325
f 307/341/305 306/355/317 321/364/324 322/366/326
f 300/340/304 299/339/303 314/365/325 315/367/327
f 308/342/306 307/341/305 322/366/326 323/368/328
f 301/343/307 300/340/304 315/367/327 316/369/329
f 309/344/308 308/342/306 323/368/328 324/370/330
f 302/345/309 301/343/307 316/369/329 317/371/331
f 310/346/310 309/344/308 324/370/330 325/372/332
f 303/347/311 302/345/309 317/371/331 318/356/318
f 311/348/312 310/346/310 325/372/332 326/358/320
f 323/368/328 322/366/326 337/373/333 338/374/334
f 316/369/329 315/367/327 330/375/335 331/376/336
f 324/370/330 323/368/328 338/374/334 339/377/337
f 317/371/331 316/369/329 331/376/336 332/378/338
f 325/372/332 324/370/330 339/377/337 340/379/339
f 318/356/318 317/371/331 332/378/338 333/380/340
f 326/358/320 325/372/332 340/379/339 341/381/341
f 319/357/319 318/356/318 333/380/340 334/382/342
f 327/359/321 326/358/320 341/381/341 342/383/343
f 320/360/322 319/357/319 334/382/342 335/384/344
f 313/362/323 297/385/16 328/386/345
f 206/387/18 327/359/321 342/383/343
f 321/364/324 320/360/322 335/384/344 336/388/346
f 314/365/325 313/362/323 328/386/345 329/389/347
f 322/366/326 321/364/324 336/388/346 337/373/333
f 315/367/327 314/365/325 329/389/347 330/375/335
f 342/383/343 341/381/341 356/390/348 357/391/349
f 335/384/344 334/382/342 349/392/350 350/393/351
f 328/386/345 297/394/16 343/395/352
f 206/396/18 342/383/343 357/391/349
f 336/388/346 335/384/344 350/393/351 351/397/353
f 329/389/347 328/386/345 343/395/352 344/398/354
f 337/373/333 336/388/346 351/397/353 352/399/355
f 330/375/335 329/389/347 344/398/354 345/400/356
f 338/374/334 337/373/333 352/399/355 353/401/357
f 331/376/336 330/375/335 345/400/356 346/402/358
f 339/377/337 338/374/334 353/401/357 354/403/359
f 332/378/338 331/376/336 346/402/358 347/404/360
f 340/379/339 339/377/337 354/403/359 355/405/361
f 333/380/340 332/378/338 347/404/360 348/406/362
f 341/381/341 340/379/339 355/405/361 356/390/348
f 334/382/342 333/380/340 348/406/362 349/392/350
f 346/402/358 345/400/356 360/407/363 361/408/364
f 354/403/359 353/401/357 368/409/365 369/410/366
f 347/404/360 346/402/358 361/408/364 362/411/367
f 355/405/361 354/403/359 369/410/366 370/412/368
f 348/406/362 347/404/360 362/411/367 363/413/369
f 356/390/348 355/405/361 370/412/368 371/414/370
f 349/392/350 348/406/362 363/413/369 364/415/371
f 357/391/349 356/390/348 371/414/370 372/416/372
f 350/393/351 349/392/350 364/415/371 365/417/373
f 343/395/352 297/418/16 358/419/374
f 206/420/18 357/391/349 372/416/372
f 351/397/353 350/393/351 365/417/373 366/421/375
f 344/398/354 343/395/352 358/419/374 359/422/376
f 352/399/355 351/397/353 366/421/375 367/423/377
f 345/400/356 344/398/354 359/422/376 360/407/363
f 353/401/357 352/399/355 367/423/377 368/409/365
f 365/424/373 364/425/371 379/426/378 380/427/379
f 358/428/374 297/429/16 373/430/380
f 206/431/18 372/432/372 387/433/381
f 366/434/375 365/424/373 380/427/379 381/435/382
f 359/436/376 358/428/374 373/430/380 374/437/383
f 367/438/377 366/434/375 381/435/382 382/439/384
f 360/440/363 359/436/376 374/437/383 375/441/385
f 368/442/365 367/438/377 382/439/384 383/443/386
f 361/444/364 360/440/363 375/441/385 376/445/387
f 369/446/366 368/442/365 383/443/386 384/447/388
f 362/448/367 361/444/364 376/445/387 377/449/389
f 370/450/368 369/446/366 384/447/388 385/451/390
f 363/452/369 362/448/367 377/449/389 378/453/391
f 371/454/370 370/450/368 385/451/390 386/455/392
f 364/425/371 363/452/369 378/453/391 379/426/378
f 372/432/372 371/454/370 386/455/392 387/433/381
f 384/447/388 383/443/386 398/456/393 399/457/394
f 377/449/389 376/445/387 391/458/395 392/459/396
f 385/451/390 384/447/388 399/457/394 400/460/397
f 378/453/391 377/449/389 392/459/396 393/461/398
f 386/455/392 385/451/390 400/460/397 401/462/399
f 379/426/378 378/453/391 393/461/398 394/463/400
f 387/433/381 386/455/392 401/462/399 402/464/401
f 380/427/379 379/426/378 394/463/400 395/465/402
f 373/430/380 297/466/16 388/467/403
f 206/468/18 387/433/381 402/464/401
f 381/435/382 380/427/379 395/465/402 396/469/404
f 374/437/383 373/430/380 388/467/403 389/470/405
f 382/439/384 381/435/382 396/469/404 397/471/406
f 375/441/385 374/437/383 389/470/405 390/472/407
f 383/443/386 382/439/384 397/471/406 398/456/393
f 376/445/387 375/441/385 390/472/407 391/458/395
f 206/473/18 402/464/401 417/474/408
f 396/469/404 395/465/402 410/475/409 411/476/410
f 389/470/405 388/467/403 403/477/411 404/478/412
f 397/471/406 396/469/404 411/476/410 412/479/413
f 390/472/407 389/470/405 404/478/412 405/480/414
f 398/456/393 397/471/406 412/479/413 413/481/415
f 391/458/395 390/472/407 405/480/414 406/482/416
f 399/457/394 398/456/393 413/481/415 414/483/417
f 392/459/396 391/458/395 406/482/416 407/484/418
f 400/460/397 399/457/394 414/483/417 415/485/419
f 393/461/398 392/459/396 407/484/418 408/486/420
f 401/462/399 400/460/397 415/485/419 416/487/421
f 394/463/400 393/461/398 408/486/420 409/488/422
f 402/464/401 401/462/399 416/487/421 417/474/408
f 395/465/402 394/463/400 409/488/422 410/475/409
f 388/467/403 297/489/16 403/477/411
f 415/485/419 414/483/417 429/490/423 430/491/424
f 408/486/420 407/484/418 422/492/425 423/493/426
f 416/487/421 415/485/419 430/491/424 431/494/427
f 409/488/422 408/486/420 423/493/426 424/495/428
f 417/474/408 416/487/421 431/494/427 432/496/429
f 410/475/409 409/488/422 424/495/428 425/497/430
f 403/477/411 297/498/16 418/499/431
f 206/500/18 417/474/408 432/496/429
f 411/476/410 410/475/409 425/497/430 426/501/432
f 404/478/412 403/477/411 418/499/431 419/502/433
f 412/479/413 411/476/410 426/501/432 427/503/434
f 405/480/414 404/478/412 419/502/433 420/504/435
f 413/481/415 412/479/413 427/503/434 428/505/436
f 406/482/416 405/480/414 420/504/435 421/506/437
f 414/483/417 413/481/415 428/505/436 429/490/423
f 407/484/418 406/482/416 421/506/437 422/492/425
f 419/502/433 418/499/431 433/507/438 434/508/439
f 427/503/434 426/501/432 441/509/440 442/510/441
f 420/504/435 419/502/433 434/508/439 435/511/442
f 428/505/436 427/503/434 442/510/441 443/512/443
f 421/506/437 420/504/435 435/511/442 436/513/444
f 429/490/423 428/505/436 443/512/443 444/514/445
f 422/492/425 421/506/437 436/513/444 437/515/446
f 430/491/424 429/490/423 444/514/445 445/516/447
f 423/493/426 422/492/425 437/515/446 438/517/448
f 431/494/427 430/491/424 445/516/447 446/518/449
f 424/495/428 423/493/426 438/517/448 439/519/450
f 432/496/429 431/494/427 446/518/449 447/520/451
f 425/497/430 424/495/428 439/519/450 440/521/452
f 418/499/431 297/522/16 433/507/438
f 206/523/18 432/496/429 447/520/451
f 426/501/432 425/497/430 440/521/452 441/509/440
f 438/517/448 437/515/446 452/524/453 453/525/454
f 446/518/449 445/516/447 460/526/455 461/527/456
f 439/519/450 438/517/448 453/525/454 454/528/457
f 447/520/451 446/518/449 461/527/456 462/529/458
f 440/521/452 439/519/450 454/528/457 455/530/459
f 433/507/438 297/531/16 448/532/460
f 206/533/18 447/520/451 462/529/458
f 441/509/440 440/521/452 455/530/459 456/534/461
f 434/508/439 433/507/438 448/532/460 449/535/462
f 442/510/441 441/509/440 456/534/461 457/536/463
f 435/511/442 434/508/439 449/535/462 450/537/464
f 443/512/443 442/510/441 457/536/463 458/538/465
f 436/513/444 435/511/442 450/537/464 451/539/466
f 444/514/445 443/512/443 458/538/465 459/540/467
f 437/515/446 436/513/444 451/539/466 452/524/453
f 445/516/447 444/514/445 459/540/467 460/526/455
f 457/536/463 456/534/461 471/541/468 472/542/469
f 450/537/464 449/535/462 464/543/470 465/544/471
f 458/538/465 457/536/463 472/542/469 473/545/472
f 451/539/466 450/537/464 465/544/471 466/546/473
f 459/540/467 458/538/465 473/545/472 474/547/474
f 452/524/453 451/539/466 466/546/473 467/548/475
f 460/526/455 459/540/467 474/547/474 475/549/476
f 453/525/454 452/524/453 467/548/475 468/550/477
f 461/527/456 460/526/455 475/549/476 476/551/478
f 454/528/457 453/525/454 468/550/477 469/552/479
f 462/529/458 461/527/456 476/551/478 477/553/480
f 455/530/459 454/528/457 469/552/479 470/554/481
f 448/532/460 297/555/16 463/556/482
f 206/557/18 462/529/458 477/553/480
f 456/534/461 455/530/459 470/554/481 471/541/468
f 449/535/462 448/532/460 463/556/482 464/543/470
f 476/551/478 475/549/476 10/6/6 481/5/5
f 469/552/479 468/550/477 6/1/1 7/9/9
f 477/553/480 476/551/478 481/5/5 482/11/11
f 470/554/481 469/552/479 7/9/9 8/13/13
f 463/556/482 297/558/16 1/15/15
f 206/559/18 477/553/480 482/11/11
f 471/541/468 470/554/481 8/13/13 9/19/19
f 464/543/470 463/556/482 1/15/15 2/21/21
f 472/542/469 471/541/468 9/19/19 478/23/23
f 465/544/471 464/543/470 2/21/21 3/25/25
f 473/545/472 472/542/469 478/23/23 479/27/27
f 466/546/473 465/544/471 3/25/25 4/29/29
f 474/547/474 473/545/472 479/27/27 480/31/31
f 467/548/475 466/546/473 4/29/29 5/2/2
f 475/549/476 474/547/474 480/31/31 10/6/6
f 468/550/477 467/548/475 5/2/2 6/1/1
o Circle.001
v 0.000000 0.515528 -0.007726
v -0.100574 0.505622 -0.007726
v -0.197284 0.476286 -0.007726
v -0.286412 0.428646 -0.007726
v -0.364533 0.364533 -0.007726
v -0.428646 0.286412 -0.007726
v -0.476286 0.197284 -0.007726
v -0.505622 0.100575 -0.007726
v -0.515528 0.000000 -0.007726
v -0.505622 -0.100574 -0.007726
v -0.476286 -0.197284 -0.007726
v -0.428646 -0.286412 -0.007726
v -0.364533 -0.364533 -0.007726
v -0.286412 -0.428646 -0.007726
v -0.197284 -0.476286 -0.007726
v -0.100574 -0.505622 -0.007726
v 0.000000 -0.515528 -0.007726
v 0.100575 -0.505622 -0.007726
v 0.197284 -0.476286 -0.007726
v 0.286412 -0.428646 -0.007726
v 0.364534 -0.364533 -0.007726
v 0.428646 -0.286412 -0.007726
v 0.476286 -0.197284 -0.007726
v 0.505622 -0.100574 -0.007726
v 0.515528 0.000001 -0.007726
v 0.505622 0.100575 -0.007726
v 0.476286 0.197285 -0.007726
v 0.428645 0.286412 -0.007726
v 0.364533 0.364534 -0.007726
v 0.286411 0.428646 -0.007726
v 0.197283 0.476286 -0.007726
v 0.100574 0.505622 -0.007726
v 0.000000 0.515528 0.007726
v -0.100574 0.505622 0.007726
v -0.197284 0.476286 0.007726
v -0.286412 0.428646 0.007726
v -0.364533 0.364533 0.007726
v -0.428646 0.286412 0.007726
v -0.476286 0.197284 0.007726
v -0.505622 0.100575 0.007726
v -0.515528 0.000000 0.007726
v -0.505622 -0.100574 0.007726
v -0.476286 -0.197284 0.007726
v -0.428646 -0.286412 0.007726
v -0.364533 -0.364533 0.007726
v -0.286412 -0.428646 0.007726
v -0.197284 -0.476286 0.007726
v -0.100574 -0.505622 0.007726
v 0.000000 -0.515528 0.007726
v 0.100575 -0.505622 0.007726
v 0.197284 -0.476286 0.007726
v 0.286412 -0.428646 0.007726
v 0.364534 -0.364533 0.007726
v 0.428646 -0.286412 0.007726
v 0.476286 -0.197284 0.007726
v 0.505622 -0.100574 0.007726
v 0.515528 0.000001 0.007726
v 0.505622 0.100575 0.007726
v 0.476286 0.197285 0.007726
v 0.428645 0.286412 0.007726
v 0.364533 0.364534 0.007726
v 0.286411 0.428646 0.007726
v 0.197283 0.476286 0.007726
v 0.100574 0.505622 0.007726
v 0.000000 0.499325 -0.007483
v -0.097413 0.489731 -0.007483
v -0.191083 0.461316 -0.007483
v -0.277410 0.415174 -0.007483
v -0.353076 0.353076 -0.007483
v -0.415174 0.277410 -0.007483
v -0.461316 0.191083 -0.007483
v -0.489731 0.097414 -0.007483
v -0.499325 0.000000 -0.007483
v -0.489731 -0.097413 -0.007483
v -0.461316 -0.191083 -0.007483
v -0.415174 -0.277410 -0.007483
v -0.353076 -0.353076 -0.007483
v -0.277410 -0.415174 -0.007483
v -0.191083 -0.461316 -0.007483
v -0.097413 -0.489731 -0.007483
v 0.000000 -0.499325 -0.007483
v 0.097414 -0.489731 -0.007483
v 0.191084 -0.461316 -0.007483
v 0.277410 -0.415173 -0.007483
v 0.353076 -0.353076 -0.007483
v 0.415174 -0.277410 -0.007483
v 0.461316 -0.191083 -0.007483
v 0.489731 -0.097413 -0.007483
v 0.499325 0.000000 -0.007483
v 0.489731 0.097414 -0.007483
v 0.461316 0.191084 -0.007483
v 0.415173 0.277411 -0.007483
v 0.353076 0.353077 -0.007483
v 0.277410 0.415174 -0.007483
v 0.191083 0.461317 -0.007483
v 0.097413 0.489731 -0.007483
v 0.000000 0.499325 0.007483
v -0.097413 0.489731 0.007483
v -0.191083 0.461316 0.007483
v -0.277410 0.415174 0.007483
v -0.353076 0.353076 0.007483
v -0.415174 0.277410 0.007483
v -0.461316 0.191083 0.007483
v -0.489731 0.097414 0.007483
v -0.499325 0.000000 0.007483
v -0.489731 -0.097413 0.007483
v -0.461316 -0.191083 0.007483
v -0.415174 -0.277410 0.007483
v -0.353076 -0.353076 0.007483
v -0.277410 -0.415174 0.007483
v -0.191083 -0.461316 0.007483
v -0.097413 -0.489731 0.007483
v 0.000000 -0.499325 0.007483
v 0.097414 -0.489731 0.007483
v 0.191084 -0.461316 0.007483
v 0.277410 -0.415173 0.007483
v 0.353076 -0.353076 0.007483
v 0.415174 -0.277410 0.007483
v 0.461316 -0.191083 0.007483
v 0.489731 -0.097413 0.007483
v 0.499325 0.000000 0.007483
v 0.489731 0.097414 0.007483
v 0.461316 0.191084 0.007483
v 0.415173 0.277411 0.007483
v 0.353076 0.353077 0.007483
v 0.277410 0.415174 0.007483
v 0.191083 0.461317 0.007483
v 0.097413 0.489731 0.007483
v 0.000000 -0.007726 -0.515528
v -0.100574 -0.007726 -0.505622
v -0.197284 -0.007726 -0.476286
v -0.286412 -0.007726 -0.428646
v -0.364533 -0.007726 -0.364533
v -0.428646 -0.007726 -0.286412
v -0.476286 -0.007726 -0.197284
v -0.505622 -0.007726 -0.100575
v -0.515528 -0.007726 -0.000000
v -0.505622 -0.007726 0.100574
v -0.476286 -0.007726 0.197284
v -0.428646 -0.007726 0.286412
v -0.364533 -0.007726 0.364533
v -0.286412 -0.007726 0.428646
v -0.197284 -0.007726 0.476286
v -0.100574 -0.007726 0.505622
v 0.000000 -0.007726 0.515528
v 0.100575 -0.007726 0.505622
v 0.197284 -0.007726 0.476286
v 0.286412 -0.007726 0.428646
v 0.364534 -0.007726 0.364533
v 0.428646 -0.007726 0.286412
v 0.476286 -0.007726 0.197284
v 0.505622 -0.007726 0.100574
v 0.515528 -0.007726 -0.000001
v 0.505622 -0.007726 -0.100575
v 0.476285 -0.007726 -0.197285
v 0.428645 -0.007726 -0.286412
v 0.364533 -0.007726 -0.364534
v 0.286411 -0.007726 -0.428646
v 0.197283 -0.007726 -0.476286
v 0.100574 -0.007726 -0.505622
v 0.000000 0.007726 -0.515528
v -0.100574 0.007726 -0.505622
v -0.197284 0.007726 -0.476286
v -0.286412 0.007726 -0.428646
v -0.364533 0.007726 -0.364533
v -0.428646 0.007726 -0.286412
v -0.476286 0.007726 -0.197284
v -0.505622 0.007726 -0.100575
v -0.515528 0.007726 -0.000000
v -0.505622 0.007726 0.100574
v -0.476286 0.007726 0.197284
v -0.428646 0.007726 0.286412
v -0.364533 0.007726 0.364533
v -0.286412 0.007726 0.428646
v -0.197284 0.007726 0.476286
v -0.100574 0.007726 0.505622
v 0.000000 0.007726 0.515528
v 0.100575 0.007726 0.505622
v 0.197284 0.007726 0.476286
v 0.286412 0.007726 0.428646
v 0.364534 0.007726 0.364533
v 0.428646 0.007726 0.286412
v 0.476286 0.007726 0.197284
v 0.505622 0.007726 0.100574
v 0.515528 0.007726 -0.000001
v 0.505622 0.007726 -0.100575
v 0.476285 0.007726 -0.197285
v 0.428645 0.007726 -0.286412
v 0.364533 0.007726 -0.364534
v 0.286411 0.007726 -0.428646
v 0.197283 0.007726 -0.476286
v 0.100574 0.007726 -0.505622
v 0.000000 -0.007483 -0.499325
v -0.097413 -0.007483 -0.489731
v -0.191083 -0.007483 -0.461316
v -0.277410 -0.007483 -0.415174
v -0.353076 -0.007483 -0.353076
v -0.415174 -0.007483 -0.277410
v -0.461316 -0.007483 -0.191083
v -0.489731 -0.007483 -0.097414
v -0.499325 -0.007483 -0.000000
v -0.489731 -0.007483 0.097413
v -0.461316 -0.007483 0.191083
v -0.415174 -0.007483 0.277410
v -0.353076 -0.007483 0.353076
v -0.277410 -0.007483 0.415174
v -0.191083 -0.007483 0.461316
v -0.097413 -0.007483 0.489731
v 0.000000 -0.007483 0.499325
v 0.097414 -0.007483 0.489731
v 0.191084 -0.007483 0.461316
v 0.277410 -0.007483 0.415173
v 0.353076 -0.007483 0.353076
v 0.415174 -0.007483 0.277410
v 0.461316 -0.007483 0.191083
v 0.489731 -0.007483 0.097413
v 0.499325 -0.007483 -0.000000
v 0.489731 -0.007483 -0.097414
v 0.461316 -0.007483 -0.191084
v 0.415173 -0.007483 -0.277411
v 0.353076 -0.007483 -0.353077
v 0.277410 -0.007483 -0.415174
v 0.191083 -0.007483 -0.461317
v 0.097413 -0.007483 -0.489731
v 0.000000 0.007483 -0.499325
v -0.097413 0.007483 -0.489731
v -0.191083 0.007483 -0.461316
v -0.277410 0.007483 -0.415174
v -0.353076 0.007483 -0.353076
v -0.415174 0.007483 -0.277410
v -0.461316 0.007483 -0.191083
v -0.489731 0.007483 -0.097414
v -0.499325 0.007483 -0.000000
v -0.489731 0.007483 0.097413
v -0.461316 0.007483 0.191083
v -0.415174 0.007483 0.277410
v -0.353076 0.007483 0.353076
v -0.277410 0.007483 0.415174
v -0.191083 0.007483 0.461316
v -0.097413 0.007483 0.489731
v 0.000000 0.007483 0.499325
v 0.097414 0.007483 0.489731
v 0.191084 0.007483 0.461316
v 0.277410 0.007483 0.415173
v 0.353076 0.007483 0.353076
v 0.415174 0.007483 0.277410
v 0.461316 0.007483 0.191083
v 0.489731 0.007483 0.097413
v 0.499325 0.007483 -0.000000
v 0.489731 0.007483 -0.097414
v 0.461316 0.007483 -0.191084
v 0.415173 0.007483 -0.277411
v 0.353076 0.007483 -0.353077
v 0.277410 0.007483 -0.415174
v 0.191083 0.007483 -0.461317
v 0.097413 0.007483 -0.489731
v -0.007726 0.515528 -0.000000
v -0.007726 0.505622 0.100574
v -0.007726 0.476286 0.197284
v -0.007726 0.428646 0.286412
v -0.007726 0.364533 0.364533
v -0.007726 0.286412 0.428646
v -0.007726 0.197284 0.476286
v -0.007726 0.100575 0.505622
v -0.007726 0.000000 0.515528
v -0.007726 -0.100574 0.505622
v -0.007726 -0.197284 0.476286
v -0.007726 -0.286412 0.428646
v -0.007726 -0.364533 0.364533
v -0.007726 -0.428646 0.286412
v -0.007726 -0.476286 0.197284
v -0.007726 -0.505622 0.100574
v -0.007726 -0.515528 -0.000000
v -0.007726 -0.505622 -0.100575
v -0.007726 -0.476286 -0.197284
v -0.007726 -0.428646 -0.286412
v -0.007726 -0.364533 -0.364534
v -0.007726 -0.286412 -0.428646
v -0.007726 -0.197284 -0.476286
v -0.007726 -0.100574 -0.505622
v -0.007726 0.000001 -0.515528
v -0.007726 0.100575 -0.505622
v -0.007726 0.197285 -0.476285
v -0.007726 0.286412 -0.428645
v -0.007726 0.364534 -0.364533
v -0.007726 0.428646 -0.286411
v -0.007726 0.476286 -0.197283
v -0.007726 0.505622 -0.100574
v 0.007726 0.515528 -0.000000
v 0.007726 0.505622 0.100574
v 0.007726 0.476286 0.197284
v 0.007726 0.428646 0.286412
v 0.007726 0.364533 0.364533
v 0.007726 0.286412 0.428646
v 0.007726 0.197284 0.476286
v 0.007726 0.100575 0.505622
v 0.007726 0.000000 0.515528
v 0.007726 -0.100574 0.505622
v 0.007726 -0.197284 0.476286
v 0.007726 -0.286412 0.428646
v 0.007726 -0.364533 0.364533
v 0.007726 -0.428646 0.286412
v 0.007726 -0.476286 0.197284
v 0.007726 -0.505622 0.100574
v 0.007726 -0.515528 -0.000000
v 0.007726 -0.505622 -0.100575
v 0.007726 -0.476286 -0.197284
v 0.007726 -0.428646 -0.286412
v 0.007726 -0.364533 -0.364534
v 0.007726 -0.286412 -0.428646
v 0.007726 -0.197284 -0.476286
v 0.007726 -0.100574 -0.505622
v 0.007726 0.000001 -0.515528
v 0.007726 0.100575 -0.505622
v 0.007726 0.197285 -0.476285
v 0.007726 0.286412 -0.428645
v 0.007726 0.364534 -0.364533
v 0.007726 0.428646 -0.286411
v 0.007726 0.476286 -0.197283
v 0.007726 0.505622 -0.100574
v -0.007483 0.499325 -0.000000
v -0.007483 0.489731 0.097413
v -0.007483 0.461316 0.191083
v -0.007483 0.415174 0.277410
v -0.007483 0.353076 0.353076
v -0.007483 0.277410 0.415174
v -0.007483 0.191083 0.461316
v -0.007483 0.097414 0.489731
v -0.007483 0.000000 0.499325
v -0.007483 -0.097413 0.489731
v -0.007483 -0.191083 0.461316
v -0.007483 -0.277410 0.415174
v -0.007483 -0.353076 0.353076
v -0.007483 -0.415174 0.277410
v -0.007483 -0.461316 0.191083
v -0.007483 -0.489731 0.097413
v -0.007483 -0.499325 -0.000000
v -0.007483 -0.489731 -0.097414
v -0.007483 -0.461316 -0.191084
v -0.007483 -0.415173 -0.277410
v -0.007483 -0.353076 -0.353076
v -0.007483 -0.277410 -0.415174
v -0.007483 -0.191083 -0.461316
v -0.007483 -0.097413 -0.489731
v -0.007483 0.000000 -0.499325
v -0.007483 0.097414 -0.489731
v -0.007483 0.191084 -0.461316
v -0.007483 0.277411 -0.415173
v -0.007483 0.353077 -0.353076
v -0.007483 0.415174 -0.277410
v -0.007483 0.461317 -0.191083
v -0.007483 0.489731 -0.097413
v 0.007483 0.499325 -0.000000
v 0.007483 0.489731 0.097413
v 0.007483 0.461316 0.191083
v 0.007483 0.415174 0.277410
v 0.007483 0.353076 0.353076
v 0.007483 0.277410 0.415174
v 0.007483 0.191083 0.461316
v 0.007483 0.097414 0.489731
v 0.007483 0.000000 0.499325
v 0.007483 -0.097413 0.489731
v 0.007483 -0.191083 0.461316
v 0.007483 -0.277410 0.415174
v 0.007483 -0.353076 0.353076
v 0.007483 -0.415174 0.277410
v 0.007483 -0.461316 0.191083
v 0.007483 -0.489731 0.097413
v 0.007483 -0.499325 -0.000000
v 0.007483 -0.489731 -0.097414
v 0.007483 -0.461316 -0.191084
v 0.007483 -0.415173 -0.277410
v 0.007483 -0.353076 -0.353076
v 0.007483 -0.277410 -0.415174
v 0.007483 -0.191083 -0.461316
v 0.007483 -0.097413 -0.489731
v 0.007483 0.000000 -0.499325
v 0.007483 0.097414 -0.489731
v 0.007483 0.191084 -0.461316
v 0.007483 0.277411 -0.415173
v 0.007483 0.353077 -0.353076
v 0.007483 0.415174 -0.277410
v 0.007483 0.461317 -0.191083
v 0.007483 0.489731 -0.097413
vt 0.010348 0.970323
vt 0.961749 0.970323
vt 0.961749 0.993899
vt 0.010348 0.993899
vt 0.010348 0.970323
vt 0.961749 0.970323
vt 0.961749 0.993899
vt 0.010348 0.993899
vt 0.010348 0.970323
vt 0.961749 0.970323
vt 0.961749 0.993899
vt 0.010348 0.993899
vt 0.010348 0.970323
vt 0.961749 0.970323
vt 0.961749 0.993899
vt 0.010348 0.993899
vt 0.010348 0.970323
vt 0.961749 0.970323
vt 0.961749 0.993899
vt 0.010348 0.993899
vt 0.010348 0.970323
vt 0.961749 0.970323
vt 0.961749 0.993899
vt 0.010348 0.993899
vt 0.010348 0.970323
vt 0.961749 0.970323
vt 0.961749 0.993899
vt 0.010348 0.993899
vt 0.010348 0.970323
vt 0.961749 0.970323
vt 0.961749 0.993899
vt 0.010348 0.993899
vt 0.010348 0.970323
vt 0.961749 0.970323
vt 0.961749 0.993899
vt 0.010348 0.993899
vt 0.010348 0.970323
vt 0.961749 0.970323
vt 0.961749 0.993899
vt 0.010348 0.993899
vt 0.010348 0.970323
vt 0.961749 0.970323
vt 0.961749 0.993899
vt 0.010348 0.993899
vt 0.010348 0.970323
vt 0.961749 0.970323
vt 0.961749 0.993899
vt 0.010348 0.993899
vt 0.010348 0.970323
vt 0.961749 0.970323
vt 0.961749 0.993899
vt 0.010348 0.993899
vt 0.010348 0.970323
vt 0.961749 0.970323
vt 0.961749 0.993899
vt 0.010348 0.993899
vt 0.010348 0.970323
vt 0.961749 0.970323
vt 0.961749 0.993899
vt 0.010348 0.993899
vt 0.010348 0.970323
vt 0.961749 0.970323
vt 0.961749 0.993899
vt 0.010348 0.993899
vt 0.010348 0.970323
vt 0.961749 0.970323
vt 0.961749 0.993899
vt 0.010348 0.993899
vt 0.010348 0.970323
vt 0.961749 0.970323
vt 0.961749 0.993899
vt 0.010348 0.993899
vt 0.010348 0.970323
vt 0.961749 0.970323
vt 0.961749 0.993899
vt 0.010348 0.993899
vt 0.010348 0.970323
vt 0.961749 0.970323
vt 0.961749 0.993899
vt 0.010348 0.993899
vt 0.010348 0.970323
vt 0.961749 0.970323
vt 0.961749 0.993899
vt 0.010348 0.993899
vt 0.010348 0.970323
vt 0.961749 0.970323
vt 0.961749 0.993899
vt 0.010348 0.993899
vt 0.010348 0.970323
vt 0.961749 0.970323
vt 0.961749 0.993899
vt 0.010348 0.993899
vt 0.010348 0.970323
vt 0.961749 0.970323
vt 0.961749 0.993899
vt 0.010348 0.993899
vt 0.010348 0.970323
vt 0.961749 0.970323
vt 0.961749 0.993899
vt 0.010348 0.993899
vt 0.010348 0.970323
vt 0.961749 0.970323
vt 0.961749 0.993899
vt 0.010348 0.993899
vt 0.010348 0.970323
vt 0.961749 0.970323
vt 0.961749 0.993899
vt 0.010348 0.993899
vt 0.010348 0.970323
vt 0.961749 0.970323
vt 0.961749 0.993899
vt 0.010348 0.993899
vt 0.010348 0.970323
vt 0.961749 0.970323
vt 0.961749 0.993899
vt 0.010348 0.993899
vt 0.010348 0.970323
vt 0.961749 0.970323
vt 0.961749 0.993899
vt 0.010348 0.993899
vt 0.010348 0.970323
vt 0.961749 0.970323
vt 0.961749 0.993899
vt 0.010348 0.993899
vt 0.010348 0.970323
vt 0.961749 0.970323
vt 0.961749 0.993899
vt 0.010348 0.993899
vt 0.010348 0.970323
vt 0.961749 0.970323
vt 0.961749 0.993899
vt 0.010348 0.993899
vt 0.010348 0.970323
vt 0.961749 0.970323
vt 0.961749 0.993899
vt 0.010348 0.993899
vt 0.010348 0.970323
vt 0.961749 0.970323
vt 0.961749 0.993899
vt 0.010348 0.993899
vt 0.010348 0.970323
vt 0.961749 0.970323
vt 0.961749 0.993899
vt 0.010348 0.993899
vt 0.010348 0.970323
vt 0.961749 0.970323
vt 0.961749 0.993899
vt 0.010348 0.993899
vt 0.010348 0.970323
vt 0.961749 0.970323
vt 0.961749 0.993899
vt 0.010348 0.993899
vt 0.010348 0.970323
vt 0.961749 0.970323
vt 0.961749 0.993899
vt 0.010348 0.993899
vt 0.010348 0.970323
vt 0.961749 0.970323
vt 0.961749 0.993899
vt 0.010348 0.993899
vt 0.010348 0.970323
vt 0.961749 0.970323
vt 0.961749 0.993899
vt 0.010348 0.993899
vt 0.010348 0.970323
vt 0.961749 0.970323
vt 0.961749 0.993899
vt 0.010348 0.993899
vt 0.010348 0.970323
vt 0.961749 0.970323
vt 0.961749 0.993899
vt 0.010348 0.993899
vt 0.010348 0.970323
vt 0.961749 0.970323
vt 0.961749 0.993899
vt 0.010348 0.993899
vt 0.010348 0.970323
vt 0.961749 0.970323
vt 0.961749 0.993899
vt 0.010348 0.993899
vt 0.010348 0.970323
vt 0.961749 0.970323
vt 0.961749 0.993899
vt 0.010348 0.993899
vt 0.010348 0.970323
vt 0.961749 0.970323
vt 0.961749 0.993899
vt 0.010348 0.993899
vt 0.010348 0.970323
vt 0.961749 0.970323
vt 0.961749 0.993899
vt 0.010348 0.993899
vt 0.010348 0.970323
vt 0.961749 0.970323
vt 0.961749 0.993899
vt 0.010348 0.993899
vt 0.010348 0.970323
vt 0.961749 0.970323
vt 0.961749 0.993899
vt 0.010348 0.993899
vt 0.010348 0.970323
vt 0.961749 0.970323
vt 0.961749 0.993899
vt 0.010348 0.993899
vt 0.010348 0.970323
vt 0.961749 0.970323
vt 0.961749 0.993899
vt 0.010348 0.993899
vt 0.010348 0.970323
vt 0.961749 0.970323
vt 0.961749 0.993899
vt 0.010348 0.993899
vt 0.010348 0.970323
vt 0.961749 0.970323
vt 0.961749 0.993899
vt 0.010348 0.993899
vt 0.010348 0.970323
vt 0.961749 0.970323
vt 0.961749 0.993899
vt 0.010348 0.993899
vt 0.010348 0.970323
vt 0.961749 0.970323
vt 0.961749 0.993899
vt 0.010348 0.993899
vt 0.010348 0.970323
vt 0.961749 0.970323
vt 0.961749 0.993899
vt 0.010348 0.993899
vt 0.010348 0.970323
vt 0.961749 0.970323
vt 0.961749 0.993899
vt 0.010348 0.993899
vt 0.010348 0.970323
vt 0.961749 0.970323
vt 0.961749 0.993899
vt 0.010348 0.993899
vt 0.010348 0.970323
vt 0.961749 0.970323
vt 0.961749 0.993899
vt 0.010348 0.993899
vt 0.010348 0.970323
vt 0.961749 0.970323
vt 0.961749 0.993899
vt 0.010348 0.993899
vt 0.010348 0.970323
vt 0.961749 0.970323
vt 0.961749 0.993899
vt 0.010348 0.993899
vt 0.010348 0.970323
vt 0.961749 0.970323
vt 0.961749 0.993899
vt 0.010348 0.993899
vt 0.010348 0.970323
vt 0.961749 0.970323
vt 0.961749 0.993899
vt 0.010348 0.993899
vt 0.961749 0.970323
vt 0.961749 0.993899
vt 0.010348 0.993899
vt 0.961749 0.970323
vt 0.961749 0.993899
vt 0.010348 0.993899
vt 0.010348 0.970323
vt 0.961749 0.970323
vt 0.961749 0.993899
vt 0.010348 0.993899
vt 0.961749 0.970323
vt 0.961749 0.993899
vt 0.010348 0.993899
vt 0.010348 0.970323
vt 0.010348 0.970323
vt 0.961749 0.970323
vt 0.961749 0.993899
vt 0.010348 0.993899
vt 0.010348 0.970323
vt 0.010348 0.970323
vt 0.961749 0.970323
vt 0.961749 0.993899
vt 0.010348 0.993899
vt 0.010348 0.970323
vt 0.010348 0.970323
vt 0.961749 0.970323
vt 0.961749 0.993899
vt 0.010348 0.993899
vt 0.010348 0.970323
vt 0.010348 0.970323
vt 0.961749 0.970323
vt 0.961749 0.993899
vt 0.010348 0.993899
vt 0.010348 0.970323
vt 0.010348 0.970323
vt 0.961749 0.970323
vt 0.961749 0.993899
vt 0.010348 0.993899
vt 0.010348 0.970323
vt 0.010348 0.970323
vt 0.961749 0.970323
vt 0.961749 0.993899
vt 0.010348 0.993899
vt 0.010348 0.970323
vt 0.961749 0.970323
vt 0.961749 0.993899
vt 0.010348 0.993899
vt 0.010348 0.970323
vt 0.961749 0.970323
vt 0.961749 0.993899
vt 0.010348 0.993899
vt 0.010348 0.970323
vt 0.961749 0.970323
vt 0.961749 0.993899
vt 0.010348 0.993899
vt 0.010348 0.970323
vt 0.961749 0.970323
vt 0.961749 0.993899
vt 0.010348 0.993899
vt 0.010348 0.970323
vt 0.961749 0.970323
vt 0.961749 0.993899
vt 0.010348 0.993899
vt 0.010348 0.970323
vt 0.961749 0.970323
vt 0.961749 0.993899
vt 0.010348 0.993899
vt 0.010348 0.970323
vt 0.961749 0.970323
vt 0.961749 0.993899
vt 0.010348 0.993899
vt 0.010348 0.970323
vt 0.961749 0.970323
vt 0.961749 0.993899
vt 0.010348 0.993899
vt 0.010348 0.970323
vt 0.961749 0.970323
vt 0.961749 0.993899
vt 0.010348 0.993899
vt 0.010348 0.970323
vt 0.961749 0.970323
vt 0.961749 0.993899
vt 0.010348 0.993899
vt 0.010348 0.970323
vt 0.961749 0.970323
vt 0.961749 0.993899
vt 0.010348 0.993899
vt 0.010348 0.970323
vt 0.961749 0.970323
vt 0.961749 0.993899
vt 0.010348 0.993899
vt 0.010348 0.970323
vt 0.961749 0.970323
vt 0.961749 0.993899
vt 0.010348 0.993899
vt 0.010348 0.970323
vt 0.961749 0.970323
vt 0.961749 0.993899
vt 0.010348 0.993899
vt 0.010348 0.970323
vt 0.961749 0.970323
vt 0.961749 0.993899
vt 0.010348 0.993899
vt 0.961749 0.970323
vt 0.961749 0.993899
vt 0.010348 0.993899
vt 0.010348 0.970323
vt 0.961749 0.970323
vt 0.961749 0.993899
vt 0.010348 0.993899
vt 0.961749 0.970323
vt 0.961749 0.993899
vt 0.010348 0.993899
vt 0.010348 0.970323
vt 0.961749 0.970323
vt 0.961749 0.993899
vt 0.010348 0.993899
vt 0.961749 0.970323
vt 0.961749 0.993899
vt 0.010348 0.993899
vt 0.010348 0.970323
vt 0.961749 0.970323
vt 0.961749 0.993899
vt 0.010348 0.993899
vt 0.961749 0.970323
vt 0.961749 0.993899
vt 0.010348 0.993899
vt 0.010348 0.970323
vt 0.010348 0.970323
vt 0.961749 0.970323
vt 0.961749 0.993899
vt 0.010348 0.993899
vt 0.010348 0.970323
vt 0.961749 0.970323
vt 0.961749 0.993899
vt 0.010348 0.993899
vt 0.010348 0.970323
vt 0.961749 0.970323
vt 0.961749 0.993899
vt 0.010348 0.993899
vt 0.010348 0.970323
vt 0.961749 0.970323
vt 0.961749 0.993899
vt 0.010348 0.993899
vt 0.010348 0.970323
vt 0.961749 0.970323
vt 0.961749 0.993899
vt 0.010348 0.993899
vt 0.010348 0.970323
vt 0.961749 0.970323
vt 0.961749 0.993899
vt 0.010348 0.993899
vt 0.010348 0.970323
vt 0.961749 0.970323
vt 0.961749 0.993899
vt 0.010348 0.993899
vt 0.010348 0.970323
vt 0.961749 0.970323
vt 0.961749 0.993899
vt 0.010348 0.993899
vt 0.010348 0.970323
vt 0.961749 0.970323
vt 0.961749 0.993899
vt 0.010348 0.993899
vt 0.010348 0.970323
vt 0.961749 0.970323
vt 0.961749 0.993899
vt 0.010348 0.993899
vt 0.010348 0.970323
vt 0.961749 0.970323
vt 0.961749 0.993899
vt 0.010348 0.993899
vt 0.010348 0.970323
vt 0.961749 0.970323
vt 0.961749 0.993899
vt 0.010348 0.993899
vt 0.010348 0.970323
vt 0.961749 0.970323
vt 0.961749 0.993899
vt 0.010348 0.993899
vt 0.010348 0.970323
vt 0.961749 0.970323
vt 0.961749 0.993899
vt 0.010348 0.993899
vt 0.010348 0.970323
vt 0.961749 0.970323
vt 0.961749 0.993899
vt 0.010348 0.993899
vt 0.010348 0.970323
vt 0.961749 0.970323
vt 0.961749 0.993899
vt 0.010348 0.993899
vt 0.010348 0.970323
vt 0.961749 0.970323
vt 0.961749 0.993899
vt 0.010348 0.993899
vt 0.010348 0.970323
vt 0.961749 0.970323
vt 0.961749 0.993899
vt 0.010348 0.993899
vt 0.010348 0.970323
vt 0.961749 0.970323
vt 0.961749 0.993899
vt 0.010348 0.993899
vt 0.010348 0.970323
vt 0.961749 0.970323
vt 0.961749 0.993899
vt 0.010348 0.993899
vt 0.010348 0.970323
vt 0.961749 0.970323
vt 0.961749 0.993899
vt 0.010348 0.993899
vt 0.010348 0.970323
vt 0.961749 0.970323
vt 0.961749 0.993899
vt 0.010348 0.993899
vt 0.010348 0.970323
vt 0.961749 0.970323
vt 0.961749 0.993899
vt 0.010348 0.993899
vt 0.010348 0.970323
vt 0.961749 0.970323
vt 0.961749 0.993899
vt 0.010348 0.993899
vt 0.010348 0.970323
vt 0.961749 0.970323
vt 0.961749 0.993899
vt 0.010348 0.993899
vt 0.010348 0.970323
vt 0.961749 0.970323
vt 0.961749 0.993899
vt 0.010348 0.993899
vt 0.010348 0.970323
vt 0.961749 0.970323
vt 0.961749 0.993899
vt 0.010348 0.993899
vt 0.010348 0.970323
vt 0.961749 0.970323
vt 0.961749 0.993899
vt 0.010348 0.993899
vt 0.010348 0.970323
vt 0.961749 0.970323
vt 0.961749 0.993899
vt 0.010348 0.993899
vt 0.010348 0.970323
vt 0.961749 0.970323
vt 0.961749 0.993899
vt 0.010348 0.993899
vt 0.010348 0.970323
vt 0.961749 0.970323
vt 0.961749 0.993899
vt 0.010348 0.993899
vt 0.010348 0.970323
vt 0.961749 0.970323
vt 0.961749 0.993899
vt 0.010348 0.993899
vt 0.010348 0.970323
vt 0.961749 0.970323
vt 0.961749 0.993899
vt 0.010348 0.993899
vt 0.010348 0.970323
vt 0.961749 0.970323
vt 0.961749 0.993899
vt 0.010348 0.993899
vt 0.010348 0.970323
vt 0.961749 0.970323
vt 0.961749 0.993899
vt 0.010348 0.993899
vt 0.010348 0.970323
vt 0.961749 0.970323
vt 0.961749 0.993899
vt 0.010348 0.993899
vt 0.010348 0.970323
vt 0.961749 0.970323
vt 0.961749 0.993899
vt 0.010348 0.993899
vt 0.010348 0.970323
vt 0.961749 0.970323
vt 0.961749 0.993899
vt 0.010348 0.993899
vt 0.010348 0.970323
vt 0.961749 0.970323
vt 0.961749 0.993899
vt 0.010348 0.993899
vt 0.010348 0.970323
vt 0.961749 0.970323
vt 0.961749 0.993899
vt 0.010348 0.993899
vt 0.010348 0.970323
vt 0.961749 0.970323
vt 0.961749 0.993899
vt 0.010348 0.993899
vt 0.010348 0.970323
vt 0.961749 0.970323
vt 0.961749 0.993899
vt 0.010348 0.993899
vt 0.010348 0.970323
vt 0.961749 0.970323
vt 0.961749 0.993899
vt 0.010348 0.993899
vt 0.010348 0.970323
vt 0.961749 0.970323
vt 0.961749 0.993899
vt 0.010348 0.993899
vt 0.010348 0.970323
vt 0.961749 0.970323
vt 0.961749 0.993899
vt 0.010348 0.993899
vt 0.010348 0.970323
vt 0.961749 0.970323
vt 0.961749 0.993899
vt 0.010348 0.993899
vt 0.010348 0.970323
vt 0.961749 0.970323
vt 0.961749 0.993899
vt 0.010348 0.993899
vt 0.010348 0.970323
vt 0.961749 0.970323
vt 0.961749 0.993899
vt 0.010348 0.993899
vt 0.010348 0.970323
vt 0.961749 0.970323
vt 0.961749 0.993899
vt 0.010348 0.993899
vt 0.010348 0.970323
vt 0.961749 0.970323
vt 0.961749 0.993899
vt 0.010348 0.993899
vt 0.010348 0.970323
vt 0.961749 0.970323
vt 0.961749 0.993899
vt 0.010348 0.993899
vt 0.010348 0.970323
vt 0.961749 0.970323
vt 0.961749 0.993899
vt 0.010348 0.993899
vt 0.010348 0.970323
vt 0.961749 0.970323
vt 0.961749 0.993899
vt 0.010348 0.993899
vt 0.010348 0.970323
vt 0.961749 0.970323
vt 0.961749 0.993899
vt 0.010348 0.993899
vt 0.010348 0.970323
vt 0.961749 0.970323
vt 0.961749 0.993899
vt 0.010348 0.993899
vt 0.010348 0.970323
vt 0.961749 0.970323
vt 0.961749 0.993899
vt 0.010348 0.993899
vt 0.010348 0.970323
vt 0.961749 0.970323
vt 0.961749 0.993899
vt 0.010348 0.993899
vt 0.010348 0.970323
vt 0.961749 0.970323
vt 0.961749 0.993899
vt 0.010348 0.993899
vt 0.010348 0.970323
vt 0.961749 0.970323
vt 0.961749 0.993899
vt 0.010348 0.993899
vt 0.010348 0.970323
vt 0.961749 0.970323
vt 0.961749 0.993899
vt 0.010348 0.993899
vt 0.010348 0.970323
vt 0.961749 0.970323
vt 0.961749 0.993899
vt 0.010348 0.993899
vt 0.010348 0.970323
vt 0.961749 0.970323
vt 0.961749 0.993899
vt 0.010348 0.993899
vt 0.010348 0.970323
vt 0.961749 0.970323
vt 0.961749 0.993899
vt 0.010348 0.993899
vt 0.010348 0.970323
vt 0.961749 0.970323
vt 0.961749 0.993899
vt 0.010348 0.993899
vt 0.961749 0.970323
vt 0.961749 0.993899
vt 0.010348 0.993899
vt 0.961749 0.970323
vt 0.961749 0.993899
vt 0.010348 0.993899
vt 0.010348 0.970323
vt 0.961749 0.970323
vt 0.961749 0.993899
vt 0.010348 0.993899
vt 0.961749 0.970323
vt 0.961749 0.993899
vt 0.010348 0.993899
vt 0.010348 0.970323
vt 0.010348 0.970323
vt 0.961749 0.970323
vt 0.961749 0.993899
vt 0.010348 0.993899
vt 0.010348 0.970323
vt 0.010348 0.970323
vt 0.961749 0.970323
vt 0.961749 0.993899
vt 0.010348 0.993899
vt 0.010348 0.970323
vt 0.010348 0.970323
vt 0.961749 0.970323
vt 0.961749 0.993899
vt 0.010348 0.993899
vt 0.010348 0.970323
vt 0.010348 0.970323
vt 0.961749 0.970323
vt 0.961749 0.993899
vt 0.010348 0.993899
vt 0.010348 0.970323
vt 0.010348 0.970323
vt 0.961749 0.970323
vt 0.961749 0.993899
vt 0.010348 0.993899
vt 0.010348 0.970323
vt 0.010348 0.970323
vt 0.961749 0.970323
vt 0.961749 0.993899
vt 0.010348 0.993899
vt 0.010348 0.970323
vt 0.961749 0.970323
vt 0.961749 0.993899
vt 0.010348 0.993899
vt 0.010348 0.970323
vt 0.961749 0.970323
vt 0.961749 0.993899
vt 0.010348 0.993899
vt 0.010348 0.970323
vt 0.961749 0.970323
vt 0.961749 0.993899
vt 0.010348 0.993899
vt 0.010348 0.970323
vt 0.961749 0.970323
vt 0.961749 0.993899
vt 0.010348 0.993899
vt 0.010348 0.970323
vt 0.961749 0.970323
vt 0.961749 0.993899
vt 0.010348 0.993899
vt 0.010348 0.970323
vt 0.961749 0.970323
vt 0.961749 0.993899
vt 0.010348 0.993899
vt 0.010348 0.970323
vt 0.961749 0.970323
vt 0.961749 0.993899
vt 0.010348 0.993899
vt 0.010348 0.970323
vt 0.961749 0.970323
vt 0.961749 0.993899
vt 0.010348 0.993899
vt 0.010348 0.970323
vt 0.961749 0.970323
vt 0.961749 0.993899
vt 0.010348 0.993899
vt 0.010348 0.970323
vt 0.961749 0.970323
vt 0.961749 0.993899
vt 0.010348 0.993899
vt 0.010348 0.970323
vt 0.961749 0.970323
vt 0.961749 0.993899
vt 0.010348 0.993899
vt 0.010348 0.970323
vt 0.961749 0.970323
vt 0.961749 0.993899
vt 0.010348 0.993899
vt 0.010348 0.970323
vt 0.961749 0.970323
vt 0.961749 0.993899
vt 0.010348 0.993899
vt 0.010348 0.970323
vt 0.961749 0.970323
vt 0.961749 0.993899
vt 0.010348 0.993899
vt 0.010348 0.970323
vt 0.961749 0.970323
vt 0.961749 0.993899
vt 0.010348 0.993899
vt 0.961749 0.970323
vt 0.961749 0.993899
vt 0.010348 0.993899
vt 0.010348 0.970323
vt 0.961749 0.970323
vt 0.961749 0.993899
vt 0.010348 0.993899
vt 0.961749 0.970323
vt 0.961749 0.993899
vt 0.010348 0.993899
vt 0.010348 0.970323
vt 0.961749 0.970323
vt 0.961749 0.993899
vt 0.010348 0.993899
vt 0.961749 0.970323
vt 0.961749 0.993899
vt 0.010348 0.993899
vt 0.010348 0.970323
vt 0.961749 0.970323
vt 0.961749 0.993899
vt 0.010348 0.993899
vt 0.961749 0.970323
vt 0.961749 0.993899
vt 0.010348 0.993899
vt 0.010348 0.970323
vt 0.010348 0.970323
vt 0.961749 0.970323
vt 0.961749 0.993899
vt 0.010348 0.993899
vt 0.010348 0.970323
vt 0.961749 0.970323
vt 0.961749 0.993899
vt 0.010348 0.993899
vt 0.010348 0.970323
vt 0.961749 0.970323
vt 0.961749 0.993899
vt 0.010348 0.993899
vt 0.010348 0.970323
vt 0.961749 0.970323
vt 0.961749 0.993899
vt 0.010348 0.993899
vt 0.010348 0.970323
vt 0.961749 0.970323
vt 0.961749 0.993899
vt 0.010348 0.993899
vt 0.010348 0.970323
vt 0.961749 0.970323
vt 0.961749 0.993899
vt 0.010348 0.993899
vt 0.010348 0.970323
vt 0.961749 0.970323
vt 0.961749 0.993899
vt 0.010348 0.993899
vt 0.010348 0.970323
vt 0.961749 0.970323
vt 0.961749 0.993899
vt 0.010348 0.993899
vt 0.010348 0.970323
vt 0.961749 0.970323
vt 0.961749 0.993899
vt 0.010348 0.993899
vt 0.010348 0.970323
vt 0.961749 0.970323
vt 0.961749 0.993899
vt 0.010348 0.993899
vt 0.010348 0.970323
vt 0.961749 0.970323
vt 0.961749 0.993899
vt 0.010348 0.993899
vt 0.010348 0.970323
vt 0.961749 0.970323
vt 0.961749 0.993899
vt 0.010348 0.993899
vt 0.010348 0.970323
vt 0.961749 0.970323
vt 0.961749 0.993899
vt 0.010348 0.993899
vt 0.010348 0.970323
vt 0.961749 0.970323
vt 0.961749 0.993899
vt 0.010348 0.993899
vt 0.010348 0.970323
vt 0.961749 0.970323
vt 0.961749 0.993899
vt 0.010348 0.993899
vt 0.010348 0.970323
vt 0.961749 0.970323
vt 0.961749 0.993899
vt 0.010348 0.993899
vt 0.010348 0.970323
vt 0.961749 0.970323
vt 0.961749 0.993899
vt 0.010348 0.993899
vt 0.010348 0.970323
vt 0.961749 0.970323
vt 0.961749 0.993899
vt 0.010348 0.993899
vt 0.010348 0.970323
vt 0.961749 0.970323
vt 0.961749 0.993899
vt 0.010348 0.993899
vt 0.010348 0.970323
vt 0.961749 0.970323
vt 0.961749 0.993899
vt 0.010348 0.993899
vt 0.010348 0.970323
vt 0.961749 0.970323
vt 0.961749 0.993899
vt 0.010348 0.993899
vt 0.010348 0.970323
vt 0.961749 0.970323
vt 0.961749 0.993899
vt 0.010348 0.993899
vt 0.010348 0.970323
vt 0.961749 0.970323
vt 0.961749 0.993899
vt 0.010348 0.993899
vt 0.010348 0.970323
vt 0.961749 0.970323
vt 0.961749 0.993899
vt 0.010348 0.993899
vt 0.010348 0.970323
vt 0.961749 0.970323
vt 0.961749 0.993899
vt 0.010348 0.993899
vt 0.010348 0.970323
vt 0.961749 0.970323
vt 0.961749 0.993899
vt 0.010348 0.993899
vt 0.010348 0.970323
vt 0.961749 0.970323
vt 0.961749 0.993899
vt 0.010348 0.993899
vt 0.010348 0.970323
vt 0.961749 0.970323
vt 0.961749 0.993899
vt 0.010348 0.993899
vt 0.010348 0.970323
vt 0.961749 0.970323
vt 0.961749 0.993899
vt 0.010348 0.993899
vt 0.010348 0.970323
vt 0.961749 0.970323
vt 0.961749 0.993899
vt 0.010348 0.993899
vt 0.010348 0.970323
vt 0.961749 0.970323
vt 0.961749 0.993899
vt 0.010348 0.993899
vt 0.010348 0.970323
vt 0.961749 0.970323
vt 0.961749 0.993899
vt 0.010348 0.993899
vt 0.010348 0.970323
vt 0.961749 0.970323
vt 0.961749 0.993899
vt 0.010348 0.993899
vt 0.010348 0.970323
vt 0.961749 0.970323
vt 0.961749 0.993899
vt 0.010348 0.993899
vt 0.010348 0.970323
vt 0.961749 0.970323
vt 0.961749 0.993899
vt 0.010348 0.993899
vt 0.010348 0.970323
vt 0.961749 0.970323
vt 0.961749 0.993899
vt 0.010348 0.993899
vt 0.010348 0.970323
vt 0.961749 0.970323
vt 0.961749 0.993899
vt 0.010348 0.993899
vt 0.010348 0.970323
vt 0.961749 0.970323
vt 0.961749 0.993899
vt 0.010348 0.993899
vt 0.010348 0.970323
vt 0.961749 0.970323
vt 0.961749 0.993899
vt 0.010348 0.993899
vt 0.010348 0.970323
vt 0.961749 0.970323
vt 0.961749 0.993899
vt 0.010348 0.993899
vt 0.010348 0.970323
vt 0.961749 0.970323
vt 0.961749 0.993899
vt 0.010348 0.993899
vt 0.010348 0.970323
vt 0.961749 0.970323
vt 0.961749 0.993899
vt 0.010348 0.993899
vt 0.010348 0.970323
vt 0.961749 0.970323
vt 0.961749 0.993899
vt 0.010348 0.993899
vt 0.010348 0.970323
vt 0.961749 0.970323
vt 0.961749 0.993899
vt 0.010348 0.993899
vt 0.010348 0.970323
vt 0.961749 0.970323
vt 0.961749 0.993899
vt 0.010348 0.993899
vt 0.010348 0.970323
vt 0.961749 0.970323
vt 0.961749 0.993899
vt 0.010348 0.993899
vt 0.010348 0.970323
vt 0.961749 0.970323
vt 0.961749 0.993899
vt 0.010348 0.993899
vt 0.010348 0.970323
vt 0.961749 0.970323
vt 0.961749 0.993899
vt 0.010348 0.993899
vt 0.010348 0.970323
vt 0.961749 0.970323
vt 0.961749 0.993899
vt 0.010348 0.993899
vt 0.010348 0.970323
vt 0.961749 0.970323
vt 0.961749 0.993899
vt 0.010348 0.993899
vt 0.010348 0.970323
vt 0.961749 0.970323
vt 0.961749 0.993899
vt 0.010348 0.993899
vt 0.010348 0.970323
vt 0.961749 0.970323
vt 0.961749 0.993899
vt 0.010348 0.993899
vt 0.010348 0.970323
vt 0.961749 0.970323
vt 0.961749 0.993899
vt 0.010348 0.993899
vt 0.010348 0.970323
vt 0.961749 0.970323
vt 0.961749 0.993899
vt 0.010348 0.993899
vt 0.010348 0.970323
vt 0.961749 0.970323
vt 0.961749 0.993899
vt 0.010348 0.993899
vt 0.010348 0.970323
vt 0.961749 0.970323
vt 0.961749 0.993899
vt 0.010348 0.993899
vt 0.010348 0.970323
vt 0.961749 0.970323
vt 0.961749 0.993899
vt 0.010348 0.993899
vt 0.010348 0.970323
vt 0.961749 0.970323
vt 0.961749 0.993899
vt 0.010348 0.993899
vt 0.010348 0.970323
vt 0.961749 0.970323
vt 0.961749 0.993899
vt 0.010348 0.993899
vt 0.010348 0.970323
vt 0.961749 0.970323
vt 0.961749 0.993899
vt 0.010348 0.993899
vt 0.010348 0.970323
vt 0.961749 0.970323
vt 0.961749 0.993899
vt 0.010348 0.993899
vt 0.010348 0.970323
vt 0.961749 0.970323
vt 0.961749 0.993899
vt 0.010348 0.993899
vt 0.010348 0.970323
vt 0.961749 0.970323
vt 0.961749 0.993899
vt 0.010348 0.993899
vt 0.010348 0.970323
vt 0.961749 0.970323
vt 0.961749 0.993899
vt 0.010348 0.993899
vt 0.961749 0.970323
vt 0.961749 0.993899
vt 0.010348 0.993899
vt 0.961749 0.970323
vt 0.961749 0.993899
vt 0.010348 0.993899
vt 0.010348 0.970323
vt 0.961749 0.970323
vt 0.961749 0.993899
vt 0.010348 0.993899
vt 0.961749 0.970323
vt 0.961749 0.993899
vt 0.010348 0.993899
vt 0.010348 0.970323
vt 0.010348 0.970323
vt 0.961749 0.970323
vt 0.961749 0.993899
vt 0.010348 0.993899
vt 0.010348 0.970323
vt 0.010348 0.970323
vt 0.961749 0.970323
vt 0.961749 0.993899
vt 0.010348 0.993899
vt 0.010348 0.970323
vt 0.010348 0.970323
vt 0.961749 0.970323
vt 0.961749 0.993899
vt 0.010348 0.993899
vt 0.010348 0.970323
vt 0.010348 0.970323
vt 0.961749 0.970323
vt 0.961749 0.993899
vt 0.010348 0.993899
vt 0.010348 0.970323
vt 0.010348 0.970323
vt 0.961749 0.970323
vt 0.961749 0.993899
vt 0.010348 0.993899
vt 0.010348 0.970323
vt 0.010348 0.970323
vt 0.961749 0.970323
vt 0.961749 0.993899
vt 0.010348 0.993899
vt 0.010348 0.970323
vt 0.961749 0.970323
vt 0.961749 0.993899
vt 0.010348 0.993899
vt 0.010348 0.970323
vt 0.961749 0.970323
vt 0.961749 0.993899
vt 0.010348 0.993899
vt 0.010348 0.970323
vt 0.961749 0.970323
vt 0.961749 0.993899
vt 0.010348 0.993899
vt 0.010348 0.970323
vt 0.961749 0.970323
vt 0.961749 0.993899
vt 0.010348 0.993899
vt 0.010348 0.970323
vt 0.961749 0.970323
vt 0.961749 0.993899
vt 0.010348 0.993899
vt 0.010348 0.970323
vt 0.961749 0.970323
vt 0.961749 0.993899
vt 0.010348 0.993899
vt 0.010348 0.970323
vt 0.961749 0.970323
vt 0.961749 0.993899
vt 0.010348 0.993899
vt 0.010348 0.970323
vt 0.961749 0.970323
vt 0.961749 0.993899
vt 0.010348 0.993899
vt 0.010348 0.970323
vt 0.961749 0.970323
vt 0.961749 0.993899
vt 0.010348 0.993899
vt 0.010348 0.970323
vt 0.961749 0.970323
vt 0.961749 0.993899
vt 0.010348 0.993899
vt 0.010348 0.970323
vt 0.961749 0.970323
vt 0.961749 0.993899
vt 0.010348 0.993899
vt 0.010348 0.970323
vt 0.961749 0.970323
vt 0.961749 0.993899
vt 0.010348 0.993899
vt 0.010348 0.970323
vt 0.961749 0.970323
vt 0.961749 0.993899
vt 0.010348 0.993899
vt 0.010348 0.970323
vt 0.961749 0.970323
vt 0.961749 0.993899
vt 0.010348 0.993899
vt 0.010348 0.970323
vt 0.961749 0.970323
vt 0.961749 0.993899
vt 0.010348 0.993899
vt 0.961749 0.970323
vt 0.961749 0.993899
vt 0.010348 0.993899
vt 0.010348 0.970323
vt 0.961749 0.970323
vt 0.961749 0.993899
vt 0.010348 0.993899
vt 0.961749 0.970323
vt 0.961749 0.993899
vt 0.010348 0.993899
vt 0.010348 0.970323
vt 0.961749 0.970323
vt 0.961749 0.993899
vt 0.010348 0.993899
vt 0.961749 0.970323
vt 0.961749 0.993899
vt 0.010348 0.993899
vt 0.010348 0.970323
vt 0.961749 0.970323
vt 0.961749 0.993899
vt 0.010348 0.993899
vt 0.961749 0.970323
vt 0.961749 0.993899
vt 0.010348 0.993899
vt 0.010348 0.970323
vn 0.4017 -0.6012 -0.6908
vn 0.4017 -0.6012 0.6908
vn 0.2767 -0.6680 0.6908
vn 0.2767 -0.6680 -0.6908
vn -0.6680 0.2767 -0.6908
vn -0.6680 0.2767 0.6908
vn -0.6012 0.4017 0.6908
vn -0.6012 0.4017 -0.6908
vn 0.5112 -0.5112 -0.6908
vn 0.5112 -0.5112 0.6908
vn -0.7091 0.1411 -0.6908
vn -0.7091 0.1411 0.6908
vn 0.6012 -0.4017 -0.6908
vn 0.6012 -0.4017 0.6908
vn -0.7230 0.0000 -0.6908
vn -0.7230 0.0000 0.6908
vn 0.6680 -0.2767 -0.6908
vn 0.6680 -0.2767 0.6908
vn -0.7091 -0.1411 -0.6908
vn -0.7091 -0.1411 0.6908
vn 0.7091 -0.1411 -0.6908
vn 0.7091 -0.1411 0.6908
vn -0.6680 -0.2767 -0.6908
vn -0.6680 -0.2767 0.6908
vn 0.7230 0.0000 -0.6908
vn 0.7230 0.0000 0.6908
vn -0.6012 -0.4017 -0.6908
vn -0.6012 -0.4017 0.6908
vn 0.7091 0.1411 -0.6908
vn 0.7091 0.1411 0.6908
vn -0.5112 -0.5112 -0.6908
vn -0.5112 -0.5112 0.6908
vn 0.6680 0.2767 -0.6908
vn 0.6680 0.2767 0.6908
vn -0.4017 -0.6012 -0.6908
vn -0.4017 -0.6012 0.6908
vn 0.6012 0.4017 -0.6908
vn 0.6012 0.4017 0.6908
vn -0.2767 -0.6680 -0.6908
vn -0.2767 -0.6680 0.6908
vn -0.1411 0.7091 -0.6908
vn -0.1411 0.7091 0.6908
vn 0.0000 0.7230 0.6908
vn 0.0000 0.7230 -0.6908
vn 0.5112 0.5112 -0.6908
vn 0.5112 0.5112 0.6908
vn -0.1411 -0.7091 -0.6908
vn -0.1411 -0.7091 0.6908
vn -0.2767 0.6680 -0.6908
vn -0.2767 0.6680 0.6908
vn 0.4017 0.6012 -0.6908
vn 0.4017 0.6012 0.6908
vn 0.0000 -0.7230 -0.6908
vn 0.0000 -0.7230 0.6908
vn -0.4017 0.6012 -0.6908
vn -0.4017 0.6012 0.6908
vn 0.2767 0.6680 -0.6908
vn 0.2767 0.6680 0.6908
vn 0.1411 -0.7091 -0.6908
vn 0.1411 -0.7091 0.6908
vn -0.5112 0.5112 -0.6908
vn -0.5112 0.5112 0.6908
vn 0.1411 0.7091 -0.6908
vn 0.1411 0.7091 0.6908
vn -0.3830 0.5732 -0.7244
vn -0.2638 0.6369 -0.7244
vn -0.2638 0.6369 0.7244
vn -0.3830 0.5732 0.7244
vn 0.6369 -0.2638 -0.7244
vn 0.5732 -0.3830 -0.7244
vn 0.5732 -0.3830 0.7244
vn 0.6369 -0.2638 0.7244
vn -0.4875 0.4875 -0.7244
vn -0.4875 0.4875 0.7244
vn 0.6761 -0.1345 -0.7244
vn 0.6761 -0.1345 0.7244
vn -0.5732 0.3830 -0.7244
vn -0.5732 0.3830 0.7244
vn 0.6894 0.0000 -0.7244
vn 0.6894 0.0000 0.7244
vn -0.6369 0.2638 -0.7244
vn -0.6369 0.2638 0.7244
vn 0.6761 0.1345 -0.7244
vn 0.6761 0.1345 0.7244
vn -0.6761 0.1345 -0.7244
vn -0.6761 0.1345 0.7244
vn 0.6369 0.2638 -0.7244
vn 0.6369 0.2638 0.7244
vn -0.6894 0.0000 -0.7244
vn -0.6894 0.0000 0.7244
vn 0.5732 0.3830 -0.7244
vn 0.5732 0.3830 0.7244
vn -0.6761 -0.1345 -0.7244
vn -0.6761 -0.1345 0.7244
vn 0.4875 0.4875 -0.7244
vn 0.4875 0.4875 0.7244
vn -0.6369 -0.2638 -0.7244
vn -0.6369 -0.2638 0.7244
vn 0.3830 0.5732 -0.7244
vn 0.3830 0.5732 0.7244
vn -0.5732 -0.3830 -0.7244
vn -0.5732 -0.3830 0.7244
vn 0.2638 0.6369 -0.7244
vn 0.2638 0.6369 0.7244
vn 0.1345 -0.6761 -0.7244
vn 0.0000 -0.6894 -0.7244
vn 0.0000 -0.6894 0.7244
vn 0.1345 -0.6761 0.7244
vn -0.4875 -0.4875 -0.7244
vn -0.4875 -0.4875 0.7244
vn 0.1345 0.6761 -0.7244
vn 0.1345 0.6761 0.7244
vn 0.2638 -0.6369 -0.7244
vn 0.2638 -0.6369 0.7244
vn -0.3830 -0.5732 -0.7244
vn -0.3830 -0.5732 0.7244
vn 0.0000 0.6894 -0.7244
vn 0.0000 0.6894 0.7244
vn 0.3830 -0.5732 -0.7244
vn 0.3830 -0.5732 0.7244
vn -0.2638 -0.6369 -0.7244
vn -0.2638 -0.6369 0.7244
vn -0.1345 0.6761 -0.7244
vn -0.1345 0.6761 0.7244
vn 0.4875 -0.4875 -0.7244
vn 0.4875 -0.4875 0.7244
vn -0.1345 -0.6761 -0.7244
vn -0.1345 -0.6761 0.7244
vn 0.4017 -0.6908 0.6012
vn 0.4017 0.6908 0.6012
vn 0.2767 0.6908 0.6680
vn 0.2767 -0.6908 0.6680
vn -0.6680 -0.6908 -0.2767
vn -0.6680 0.6908 -0.2767
vn -0.6012 0.6908 -0.4017
vn -0.6012 -0.6908 -0.4017
vn 0.5112 -0.6908 0.5112
vn 0.5112 0.6908 0.5112
vn -0.7091 -0.6908 -0.1411
vn -0.7091 0.6908 -0.1411
vn 0.6012 -0.6908 0.4017
vn 0.6012 0.6908 0.4017
vn -0.7230 -0.6908 0.0000
vn -0.7230 0.6908 0.0000
vn 0.6680 -0.6908 0.2767
vn 0.6680 0.6908 0.2767
vn -0.7091 -0.6908 0.1411
vn -0.7091 0.6908 0.1411
vn 0.7091 -0.6908 0.1411
vn 0.7091 0.6908 0.1411
vn -0.6680 -0.6908 0.2767
vn -0.6680 0.6908 0.2767
vn 0.7230 -0.6908 0.0000
vn 0.7230 0.6908 0.0000
vn -0.6012 -0.6908 0.4017
vn -0.6012 0.6908 0.4017
vn 0.7091 -0.6908 -0.1411
vn 0.7091 0.6908 -0.1411
vn -0.5112 -0.6908 0.5112
vn -0.5112 0.6908 0.5112
vn 0.6680 -0.6908 -0.2767
vn 0.6680 0.6908 -0.2767
vn -0.4017 -0.6908 0.6012
vn -0.4017 0.6908 0.6012
vn 0.6012 -0.6908 -0.4017
vn 0.6012 0.6908 -0.4017
vn -0.2767 -0.6908 0.6680
vn -0.2767 0.6908 0.6680
vn -0.1411 -0.6908 -0.7091
vn -0.1411 0.6908 -0.7091
vn 0.0000 0.6908 -0.7230
vn 0.0000 -0.6908 -0.7230
vn 0.5112 -0.6908 -0.5112
vn 0.5112 0.6908 -0.5112
vn -0.1411 -0.6908 0.7091
vn -0.1411 0.6908 0.7091
vn -0.2767 -0.6908 -0.6680
vn -0.2767 0.6908 -0.6680
vn 0.4017 -0.6908 -0.6012
vn 0.4017 0.6908 -0.6012
vn 0.0000 -0.6908 0.7230
vn 0.0000 0.6908 0.7230
vn -0.4017 -0.6908 -0.6012
vn -0.4017 0.6908 -0.6012
vn 0.2767 -0.6908 -0.6680
vn 0.2767 0.6908 -0.6680
vn 0.1411 -0.6908 0.7091
vn 0.1411 0.6908 0.7091
vn -0.5112 -0.6908 -0.5112
vn -0.5112 0.6908 -0.5112
vn 0.1411 -0.6908 -0.7091
vn 0.1411 0.6908 -0.7091
vn -0.3830 -0.7244 -0.5732
vn -0.2638 -0.7244 -0.6369
vn -0.2638 0.7244 -0.6369
vn -0.3830 0.7244 -0.5732
vn 0.6369 -0.7244 0.2638
vn 0.5732 -0.7244 0.3830
vn 0.5732 0.7244 0.3830
vn 0.6369 0.7244 0.2638
vn -0.4875 -0.7244 -0.4875
vn -0.4875 0.7244 -0.4875
vn 0.6761 -0.7244 0.1345
vn 0.6761 0.7244 0.1345
vn -0.5732 -0.7244 -0.3830
vn -0.5732 0.7244 -0.3830
vn 0.6894 -0.7244 0.0000
vn 0.6894 0.7244 0.0000
vn -0.6369 -0.7244 -0.2638
vn -0.6369 0.7244 -0.2638
vn 0.6761 -0.7244 -0.1345
vn 0.6761 0.7244 -0.1345
vn -0.6761 -0.7244 -0.1345
vn -0.6761 0.7244 -0.1345
vn 0.6369 -0.7244 -0.2638
vn 0.6369 0.7244 -0.2638
vn -0.6894 -0.7244 0.0000
vn -0.6894 0.7244 0.0000
vn 0.5732 -0.7244 -0.3830
vn 0.5732 0.7244 -0.3830
vn -0.6761 -0.7244 0.1345
vn -0.6761 0.7244 0.1345
vn 0.4875 -0.7244 -0.4875
vn 0.4875 0.7244 -0.4875
vn -0.6369 -0.7244 0.2638
vn -0.6369 0.7244 0.2638
vn 0.3830 -0.7244 -0.5732
vn 0.3830 0.7244 -0.5732
vn -0.5732 -0.7244 0.3830
vn -0.5732 0.7244 0.3830
vn 0.2638 -0.7244 -0.6369
vn 0.2638 0.7244 -0.6369
vn 0.1345 -0.7244 0.6761
vn 0.0000 -0.7244 0.6894
vn 0.0000 0.7244 0.6894
vn 0.1345 0.7244 0.6761
vn -0.4875 -0.7244 0.4875
vn -0.4875 0.7244 0.4875
vn 0.1345 -0.7244 -0.6761
vn 0.1345 0.7244 -0.6761
vn 0.2638 -0.7244 0.6369
vn 0.2638 0.7244 0.6369
vn -0.3830 -0.7244 0.5732
vn -0.3830 0.7244 0.5732
vn 0.0000 -0.7244 -0.6894
vn 0.0000 0.7244 -0.6894
vn 0.3830 -0.7244 0.5732
vn 0.3830 0.7244 0.5732
vn -0.2638 -0.7244 0.6369
vn -0.2638 0.7244 0.6369
vn -0.1345 -0.7244 -0.6761
vn -0.1345 0.7244 -0.6761
vn 0.4875 -0.7244 0.4875
vn 0.4875 0.7244 0.4875
vn -0.1345 -0.7244 0.6761
vn -0.1345 0.7244 0.6761
vn -0.6908 -0.6012 -0.4017
vn 0.6908 -0.6012 -0.4017
vn 0.6908 -0.6680 -0.2767
vn -0.6908 -0.6680 -0.2767
vn -0.6908 0.2767 0.6680
vn 0.6908 0.2767 0.6680
vn 0.6908 0.4017 0.6012
vn -0.6908 0.4017 0.6012
vn -0.6908 -0.5112 -0.5112
vn 0.6908 -0.5112 -0.5112
vn -0.6908 0.1411 0.7091
vn 0.6908 0.1411 0.7091
vn -0.6908 -0.4017 -0.6012
vn 0.6908 -0.4017 -0.6012
vn -0.6908 0.0000 0.7230
vn 0.6908 0.0000 0.7230
vn -0.6908 -0.2767 -0.6680
vn 0.6908 -0.2767 -0.6680
vn -0.6908 -0.1411 0.7091
vn 0.6908 -0.1411 0.7091
vn -0.6908 -0.1411 -0.7091
vn 0.6908 -0.1411 -0.7091
vn -0.6908 -0.2767 0.6680
vn 0.6908 -0.2767 0.6680
vn -0.6908 0.0000 -0.7230
vn 0.6908 0.0000 -0.7230
vn -0.6908 -0.4017 0.6012
vn 0.6908 -0.4017 0.6012
vn -0.6908 0.1411 -0.7091
vn 0.6908 0.1411 -0.7091
vn -0.6908 -0.5112 0.5112
vn 0.6908 -0.5112 0.5112
vn -0.6908 0.2767 -0.6680
vn 0.6908 0.2767 -0.6680
vn -0.6908 -0.6012 0.4017
vn 0.6908 -0.6012 0.4017
vn -0.6908 0.4017 -0.6012
vn 0.6908 0.4017 -0.6012
vn -0.6908 -0.6680 0.2767
vn 0.6908 -0.6680 0.2767
vn -0.6908 0.7091 0.1411
vn 0.6908 0.7091 0.1411
vn 0.6908 0.7230 0.0000
vn -0.6908 0.7230 0.0000
vn -0.6908 0.5112 -0.5112
vn 0.6908 0.5112 -0.5112
vn -0.6908 -0.7091 0.1411
vn 0.6908 -0.7091 0.1411
vn -0.6908 0.6680 0.2767
vn 0.6908 0.6680 0.2767
vn -0.6908 0.6012 -0.4017
vn 0.6908 0.6012 -0.4017
vn -0.6908 -0.7230 0.0000
vn 0.6908 -0.7230 0.0000
vn -0.6908 0.6012 0.4017
vn 0.6908 0.6012 0.4017
vn -0.6908 0.6680 -0.2767
vn 0.6908 0.6680 -0.2767
vn -0.6908 -0.7091 -0.1411
vn 0.6908 -0.7091 -0.1411
vn -0.6908 0.5112 0.5112
vn 0.6908 0.5112 0.5112
vn -0.6908 0.7091 -0.1411
vn 0.6908 0.7091 -0.1411
vn -0.7244 0.5732 0.3830
vn -0.7244 0.6369 0.2638
vn 0.7244 0.6369 0.2638
vn 0.7244 0.5732 0.3830
vn -0.7244 -0.2638 -0.6369
vn -0.7244 -0.3830 -0.5732
vn 0.7244 -0.3830 -0.5732
vn 0.7244 -0.2638 -0.6369
vn -0.7244 0.4875 0.4875
vn 0.7244 0.4875 0.4875
vn -0.7244 -0.1345 -0.6761
vn 0.7244 -0.1345 -0.6761
vn -0.7244 0.3830 0.5732
vn 0.7244 0.3830 0.5732
vn -0.7244 0.0000 -0.6894
vn 0.7244 0.0000 -0.6894
vn -0.7244 0.2638 0.6369
vn 0.7244 0.2638 0.6369
vn -0.7244 0.1345 -0.6761
vn 0.7244 0.1345 -0.6761
vn -0.7244 0.1345 0.6761
vn 0.7244 0.1345 0.6761
vn -0.7244 0.2638 -0.6369
vn 0.7244 0.2638 -0.6369
vn -0.7244 0.0000 0.6894
vn 0.7244 0.0000 0.6894
vn -0.7244 0.3830 -0.5732
vn 0.7244 0.3830 -0.5732
vn -0.7244 -0.1345 0.6761
vn 0.7244 -0.1345 0.6761
vn -0.7244 0.4875 -0.4875
vn 0.7244 0.4875 -0.4875
vn -0.7244 -0.2638 0.6369
vn 0.7244 -0.2638 0.6369
vn -0.7244 0.5732 -0.3830
vn 0.7244 0.5732 -0.3830
vn -0.7244 -0.3830 0.5732
vn 0.7244 -0.3830 0.5732
vn -0.7244 0.6369 -0.2638
vn 0.7244 0.6369 -0.2638
vn -0.7244 -0.6761 -0.1345
vn -0.7244 -0.6894 0.0000
vn 0.7244 -0.6894 0.0000
vn 0.7244 -0.6761 -0.1345
vn -0.7244 -0.4875 0.4875
vn 0.7244 -0.4875 0.4875
vn -0.7244 0.6761 -0.1345
vn 0.7244 0.6761 -0.1345
vn -0.7244 -0.6369 -0.2638
vn 0.7244 -0.6369 -0.2638
vn -0.7244 -0.5732 0.3830
vn 0.7244 -0.5732 0.3830
vn -0.7244 0.6894 0.0000
vn 0.7244 0.6894 0.0000
vn -0.7244 -0.5732 -0.3830
vn 0.7244 -0.5732 -0.3830
vn -0.7244 -0.6369 0.2638
vn 0.7244 -0.6369 0.2638
vn -0.7244 0.6761 0.1345
vn 0.7244 0.6761 0.1345
vn -0.7244 -0.4875 -0.4875
vn 0.7244 -0.4875 -0.4875
vn -0.7244 -0.6761 0.1345
vn 0.7244 -0.6761 0.1345
usemtl None
s 1
f 502/560/483 534/561/484 533/562/485 501/563/486
f 489/564/487 521/565/488 520/566/489 488/567/490
f 503/568/491 535/569/492 534/570/484 502/571/483
f 490/572/493 522/573/494 521/574/488 489/575/487
f 504/576/495 536/577/496 535/578/492 503/579/491
f 491/580/497 523/581/498 522/582/494 490/583/493
f 505/584/499 537/585/500 536/586/496 504/587/495
f 492/588/501 524/589/502 523/590/498 491/591/497
f 506/592/503 538/593/504 537/594/500 505/595/499
f 493/596/505 525/597/506 524/598/502 492/599/501
f 507/600/507 539/601/508 538/602/504 506/603/503
f 494/604/509 526/605/510 525/606/506 493/607/505
f 508/608/511 540/609/512 539/610/508 507/611/507
f 495/612/513 527/613/514 526/614/510 494/615/509
f 509/616/515 541/617/516 540/618/512 508/619/511
f 496/620/517 528/621/518 527/622/514 495/623/513
f 510/624/519 542/625/520 541/626/516 509/627/515
f 497/628/521 529/629/522 528/630/518 496/631/517
f 484/632/523 516/633/524 515/634/525 483/635/526
f 511/636/527 543/637/528 542/638/520 510/639/519
f 498/640/529 530/641/530 529/642/522 497/643/521
f 485/644/531 517/645/532 516/646/524 484/647/523
f 512/648/533 544/649/534 543/650/528 511/651/527
f 499/652/535 531/653/536 530/654/530 498/655/529
f 486/656/537 518/657/538 517/658/532 485/659/531
f 513/660/539 545/661/540 544/662/534 512/663/533
f 500/664/541 532/665/542 531/666/536 499/667/535
f 487/668/543 519/669/544 518/670/538 486/671/537
f 514/672/545 546/673/546 545/674/540 513/675/539
f 501/676/486 533/677/485 532/678/542 500/679/541
f 488/680/490 520/681/489 519/682/544 487/683/543
f 483/684/526 515/685/525 546/686/546 514/687/545
f 566/688/547 565/689/548 597/690/549 598/691/550
f 553/692/551 552/693/552 584/694/553 585/695/554
f 567/696/555 566/697/547 598/698/550 599/699/556
f 554/700/557 553/701/551 585/702/554 586/703/558
f 568/704/559 567/705/555 599/706/556 600/707/560
f 555/708/561 554/709/557 586/710/558 587/711/562
f 569/712/563 568/713/559 600/714/560 601/715/564
f 556/716/565 555/717/561 587/718/562 588/719/566
f 570/720/567 569/721/563 601/722/564 602/723/568
f 557/724/569 556/725/565 588/726/566 589/727/570
f 571/728/571 570/729/567 602/730/568 603/731/572
f 558/732/573 557/733/569 589/734/570 590/735/574
f 572/736/575 571/737/571 603/738/572 604/739/576
f 559/740/577 558/741/573 590/742/574 591/743/578
f 573/744/579 572/745/575 604/746/576 605/747/580
f 560/748/581 559/749/577 591/750/578 592/751/582
f 574/752/583 573/753/579 605/754/580 606/755/584
f 561/756/585 560/757/581 592/758/582 593/759/586
f 548/760/587 547/761/588 579/762/589 580/763/590
f 575/764/591 574/765/583 606/766/584 607/767/592
f 562/768/593 561/769/585 593/770/586 594/771/594
f 549/772/595 548/773/587 580/774/590 581/775/596
f 576/776/597 575/777/591 607/778/592 608/779/598
f 563/780/599 562/781/593 594/782/594 595/783/600
f 550/784/601 549/785/595 581/786/596 582/787/602
f 577/788/603 576/789/597 608/790/598 609/791/604
f 564/792/605 563/793/599 595/794/600 596/795/606
f 551/796/607 550/797/601 582/798/602 583/799/608
f 578/800/609 577/801/603 609/802/604 610/803/610
f 565/804/548 564/805/605 596/806/606 597/807/549
f 552/808/552 551/809/607 583/810/608 584/811/553
f 547/812/588 578/813/609 610/814/610 579/815/589
f 514/672/545 513/816/539 577/817/603 578/818/609
f 488/680/490 487/819/543 551/820/607 552/821/552
f 540/822/512 541/617/516 605/754/580 604/739/576
f 483/684/526 514/823/545 578/824/609 547/825/588
f 489/564/487 488/826/490 552/827/552 553/828/551
f 541/829/516 542/625/520 606/766/584 605/747/580
f 515/830/525 516/633/524 580/774/590 579/815/589
f 490/572/493 489/831/487 553/832/551 554/833/557
f 542/834/520 543/637/528 607/778/592 606/755/584
f 516/835/524 517/645/532 581/786/596 580/763/590
f 491/580/497 490/836/493 554/837/557 555/838/561
f 543/839/528 544/649/534 608/790/598 607/767/592
f 517/840/532 518/657/538 582/798/602 581/775/596
f 492/588/501 491/841/497 555/842/561 556/843/565
f 544/844/534 545/661/540 609/802/604 608/779/598
f 518/845/538 519/669/544 583/810/608 582/787/602
f 493/596/505 492/846/501 556/847/565 557/848/569
f 545/849/540 546/673/546 610/814/610 609/791/604
f 519/850/544 520/681/489 584/694/553 583/799/608
f 494/604/509 493/851/505 557/852/569 558/853/573
f 546/854/546 515/685/525 579/762/589 610/803/610
f 520/855/489 521/565/488 585/702/554 584/811/553
f 495/612/513 494/856/509 558/857/573 559/858/577
f 521/859/488 522/573/494 586/710/558 585/695/554
f 496/620/517 495/860/513 559/861/577 560/862/581
f 522/863/494 523/581/498 587/718/562 586/703/558
f 497/628/521 496/864/517 560/865/581 561/866/585
f 523/867/498 524/589/502 588/726/566 587/711/562
f 498/640/529 497/868/521 561/869/585 562/870/593
f 524/871/502 525/597/506 589/734/570 588/719/566
f 499/652/535 498/872/529 562/873/593 563/874/599
f 525/875/506 526/605/510 590/742/574 589/727/570
f 500/664/541 499/876/535 563/877/599 564/878/605
f 526/879/510 527/613/514 591/750/578 590/735/574
f 501/676/486 500/880/541 564/881/605 565/882/548
f 527/883/514 528/621/518 592/758/582 591/743/578
f 502/560/483 501/884/486 565/885/548 566/886/547
f 528/887/518 529/629/522 593/770/586 592/751/582
f 503/568/491 502/888/483 566/889/547 567/890/555
f 529/891/522 530/641/530 594/782/594 593/759/586
f 504/576/495 503/892/491 567/893/555 568/894/559
f 530/895/530 531/653/536 595/794/600 594/771/594
f 505/584/499 504/896/495 568/897/559 569/898/563
f 531/899/536 532/665/542 596/806/606 595/783/600
f 506/592/503 505/900/499 569/901/563 570/902/567
f 532/903/542 533/677/485 597/690/549 596/795/606
f 507/600/507 506/904/503 570/905/567 571/906/571
f 533/907/485 534/561/484 598/698/550 597/807/549
f 508/608/511 507/908/507 571/909/571 572/910/575
f 534/911/484 535/569/492 599/706/556 598/691/550
f 509/616/515 508/912/511 572/913/575 573/914/579
f 535/915/492 536/577/496 600/714/560 599/699/556
f 510/624/519 509/916/515 573/917/579 574/918/583
f 484/632/523 483/919/526 547/920/588 548/921/587
f 536/922/496 537/585/500 601/722/564 600/707/560
f 511/636/527 510/923/519 574/924/583 575/925/591
f 485/644/531 484/926/523 548/927/587 549/928/595
f 537/929/500 538/593/504 602/730/568 601/715/564
f 512/648/533 511/930/527 575/931/591 576/932/597
f 486/656/537 485/933/531 549/934/595 550/935/601
f 538/936/504 539/601/508 603/738/572 602/723/568
f 513/660/539 512/937/533 576/938/597 577/939/603
f 487/668/543 486/940/537 550/941/601 551/942/607
f 539/943/508 540/609/512 604/746/576 603/731/572
f 630/944/611 662/945/612 661/946/613 629/947/614
f 617/948/615 649/949/616 648/950/617 616/951/618
f 631/952/619 663/953/620 662/954/612 630/955/611
f 618/956/621 650/957/622 649/958/616 617/959/615
f 632/960/623 664/961/624 663/962/620 631/963/619
f 619/964/625 651/965/626 650/966/622 618/967/621
f 633/968/627 665/969/628 664/970/624 632/971/623
f 620/972/629 652/973/630 651/974/626 619/975/625
f 634/976/631 666/977/632 665/978/628 633/979/627
f 621/980/633 653/981/634 652/982/630 620/983/629
f 635/984/635 667/985/636 666/986/632 634/987/631
f 622/988/637 654/989/638 653/990/634 621/991/633
f 636/992/639 668/993/640 667/994/636 635/995/635
f 623/996/641 655/997/642 654/998/638 622/999/637
f 637/1000/643 669/1001/644 668/1002/640 636/1003/639
f 624/1004/645 656/1005/646 655/1006/642 623/1007/641
f 638/1008/647 670/1009/648 669/1010/644 637/1011/643
f 625/1012/649 657/1013/650 656/1014/646 624/1015/645
f 612/1016/651 644/1017/652 643/1018/653 611/1019/654
f 639/1020/655 671/1021/656 670/1022/648 638/1023/647
f 626/1024/657 658/1025/658 657/1026/650 625/1027/649
f 613/1028/659 645/1029/660 644/1030/652 612/1031/651
f 640/1032/661 672/1033/662 671/1034/656 639/1035/655
f 627/1036/663 659/1037/664 658/1038/658 626/1039/657
f 614/1040/665 646/1041/666 645/1042/660 613/1043/659
f 641/1044/667 673/1045/668 672/1046/662 640/1047/661
f 628/1048/669 660/1049/670 659/1050/664 627/1051/663
f 615/1052/671 647/1053/672 646/1054/666 614/1055/665
f 642/1056/673 674/1057/674 673/1058/668 641/1059/667
f 629/1060/614 661/1061/613 660/1062/670 628/1063/669
f 616/1064/618 648/1065/617 647/1066/672 615/1067/671
f 611/1068/654 643/1069/653 674/1070/674 642/1071/673
f 694/1072/675 693/1073/676 725/1074/677 726/1075/678
f 681/1076/679 680/1077/680 712/1078/681 713/1079/682
f 695/1080/683 694/1081/675 726/1082/678 727/1083/684
f 682/1084/685 681/1085/679 713/1086/682 714/1087/686
f 696/1088/687 695/1089/683 727/1090/684 728/1091/688
f 683/1092/689 682/1093/685 714/1094/686 715/1095/690
f 697/1096/691 696/1097/687 728/1098/688 729/1099/692
f 684/1100/693 683/1101/689 715/1102/690 716/1103/694
f 698/1104/695 697/1105/691 729/1106/692 730/1107/696
f 685/1108/697 684/1109/693 716/1110/694 717/1111/698
f 699/1112/699 698/1113/695 730/1114/696 731/1115/700
f 686/1116/701 685/1117/697 717/1118/698 718/1119/702
f 700/1120/703 699/1121/699 731/1122/700 732/1123/704
f 687/1124/705 686/1125/701 718/1126/702 719/1127/706
f 701/1128/707 700/1129/703 732/1130/704 733/1131/708
f 688/1132/709 687/1133/705 719/1134/706 720/1135/710
f 702/1136/711 701/1137/707 733/1138/708 734/1139/712
f 689/1140/713 688/1141/709 720/1142/710 721/1143/714
f 676/1144/715 675/1145/716 707/1146/717 708/1147/718
f 703/1148/719 702/1149/711 734/1150/712 735/1151/720
f 690/1152/721 689/1153/713 721/1154/714 722/1155/722
f 677/1156/723 676/1157/715 708/1158/718 709/1159/724
f 704/1160/725 703/1161/719 735/1162/720 736/1163/726
f 691/1164/727 690/1165/721 722/1166/722 723/1167/728
f 678/1168/729 677/1169/723 709/1170/724 710/1171/730
f 705/1172/731 704/1173/725 736/1174/726 737/1175/732
f 692/1176/733 691/1177/727 723/1178/728 724/1179/734
f 679/1180/735 678/1181/729 710/1182/730 711/1183/736
f 706/1184/737 705/1185/731 737/1186/732 738/1187/738
f 693/1188/676 692/1189/733 724/1190/734 725/1191/677
f 680/1192/680 679/1193/735 711/1194/736 712/1195/681
f 675/1196/716 706/1197/737 738/1198/738 707/1199/717
f 642/1056/673 641/1200/667 705/1201/731 706/1202/737
f 616/1064/618 615/1203/671 679/1204/735 680/1205/680
f 668/1206/640 669/1001/644 733/1138/708 732/1123/704
f 611/1068/654 642/1207/673 706/1208/737 675/1209/716
f 617/948/615 616/1210/618 680/1211/680 681/1212/679
f 669/1213/644 670/1009/648 734/1150/712 733/1131/708
f 643/1214/653 644/1017/652 708/1158/718 707/1199/717
f 618/956/621 617/1215/615 681/1216/679 682/1217/685
f 670/1218/648 671/1021/656 735/1162/720 734/1139/712
f 644/1219/652 645/1029/660 709/1170/724 708/1147/718
f 619/964/625 618/1220/621 682/1221/685 683/1222/689
f 671/1223/656 672/1033/662 736/1174/726 735/1151/720
f 645/1224/660 646/1041/666 710/1182/730 709/1159/724
f 620/972/629 619/1225/625 683/1226/689 684/1227/693
f 672/1228/662 673/1045/668 737/1186/732 736/1163/726
f 646/1229/666 647/1053/672 711/1194/736 710/1171/730
f 621/980/633 620/1230/629 684/1231/693 685/1232/697
f 673/1233/668 674/1057/674 738/1198/738 737/1175/732
f 647/1234/672 648/1065/617 712/1078/681 711/1183/736
f 622/988/637 621/1235/633 685/1236/697 686/1237/701
f 674/1238/674 643/1069/653 707/1146/717 738/1187/738
f 648/1239/617 649/949/616 713/1086/682 712/1195/681
f 623/996/641 622/1240/637 686/1241/701 687/1242/705
f 649/1243/616 650/957/622 714/1094/686 713/1079/682
f 624/1004/645 623/1244/641 687/1245/705 688/1246/709
f 650/1247/622 651/965/626 715/1102/690 714/1087/686
f 625/1012/649 624/1248/645 688/1249/709 689/1250/713
f 651/1251/626 652/973/630 716/1110/694 715/1095/690
f 626/1024/657 625/1252/649 689/1253/713 690/1254/721
f 652/1255/630 653/981/634 717/1118/698 716/1103/694
f 627/1036/663 626/1256/657 690/1257/721 691/1258/727
f 653/1259/634 654/989/638 718/1126/702 717/1111/698
f 628/1048/669 627/1260/663 691/1261/727 692/1262/733
f 654/1263/638 655/997/642 719/1134/706 718/1119/702
f 629/1060/614 628/1264/669 692/1265/733 693/1266/676
f 655/1267/642 656/1005/646 720/1142/710 719/1127/706
f 630/944/611 629/1268/614 693/1269/676 694/1270/675
f 656/1271/646 657/1013/650 721/1154/714 720/1135/710
f 631/952/619 630/1272/611 694/1273/675 695/1274/683
f 657/1275/650 658/1025/658 722/1166/722 721/1143/714
f 632/960/623 631/1276/619 695/1277/683 696/1278/687
f 658/1279/658 659/1037/664 723/1178/728 722/1155/722
f 633/968/627 632/1280/623 696/1281/687 697/1282/691
f 659/1283/664 660/1049/670 724/1190/734 723/1167/728
f 634/976/631 633/1284/627 697/1285/691 698/1286/695
f 660/1287/670 661/1061/613 725/1074/677 724/1179/734
f 635/984/635 634/1288/631 698/1289/695 699/1290/699
f 661/1291/613 662/945/612 726/1082/678 725/1191/677
f 636/992/639 635/1292/635 699/1293/699 700/1294/703
f 662/1295/612 663/953/620 727/1090/684 726/1075/678
f 637/1000/643 636/1296/639 700/1297/703 701/1298/707
f 663/1299/620 664/961/624 728/1098/688 727/1083/684
f 638/1008/647 637/1300/643 701/1301/707 702/1302/711
f 612/1016/651 611/1303/654 675/1304/716 676/1305/715
f 664/1306/624 665/969/628 729/1106/692 728/1091/688
f 639/1020/655 638/1307/647 702/1308/711 703/1309/719
f 613/1028/659 612/1310/651 676/1311/715 677/1312/723
f 665/1313/628 666/977/632 730/1114/696 729/1099/692
f 640/1032/661 639/1314/655 703/1315/719 704/1316/725
f 614/1040/665 613/1317/659 677/1318/723 678/1319/729
f 666/1320/632 667/985/636 731/1122/700 730/1107/696
f 641/1044/667 640/1321/661 704/1322/725 705/1323/731
f 615/1052/671 614/1324/665 678/1325/729 679/1326/735
f 667/1327/636 668/993/640 732/1130/704 731/1115/700
f 758/1328/739 790/1329/740 789/1330/741 757/1331/742
f 745/1332/743 777/1333/744 776/1334/745 744/1335/746
f 759/1336/747 791/1337/748 790/1338/740 758/1339/739
f 746/1340/749 778/1341/750 777/1342/744 745/1343/743
f 760/1344/751 792/1345/752 791/1346/748 759/1347/747
f 747/1348/753 779/1349/754 778/1350/750 746/1351/749
f 761/1352/755 793/1353/756 792/1354/752 760/1355/751
f 748/1356/757 780/1357/758 779/1358/754 747/1359/753
f 762/1360/759 794/1361/760 793/1362/756 761/1363/755
f 749/1364/761 781/1365/762 780/1366/758 748/1367/757
f 763/1368/763 795/1369/764 794/1370/760 762/1371/759
f 750/1372/765 782/1373/766 781/1374/762 749/1375/761
f 764/1376/767 796/1377/768 795/1378/764 763/1379/763
f 751/1380/769 783/1381/770 782/1382/766 750/1383/765
f 765/1384/771 797/1385/772 796/1386/768 764/1387/767
f 752/1388/773 784/1389/774 783/1390/770 751/1391/769
f 766/1392/775 798/1393/776 797/1394/772 765/1395/771
f 753/1396/777 785/1397/778 784/1398/774 752/1399/773
f 740/1400/779 772/1401/780 771/1402/781 739/1403/782
f 767/1404/783 799/1405/784 798/1406/776 766/1407/775
f 754/1408/785 786/1409/786 785/1410/778 753/1411/777
f 741/1412/787 773/1413/788 772/1414/780 740/1415/779
f 768/1416/789 800/1417/790 799/1418/784 767/1419/783
f 755/1420/791 787/1421/792 786/1422/786 754/1423/785
f 742/1424/793 774/1425/794 773/1426/788 741/1427/787
f 769/1428/795 801/1429/796 800/1430/790 768/1431/789
f 756/1432/797 788/1433/798 787/1434/792 755/1435/791
f 743/1436/799 775/1437/800 774/1438/794 742/1439/793
f 770/1440/801 802/1441/802 801/1442/796 769/1443/795
f 757/1444/742 789/1445/741 788/1446/798 756/1447/797
f 744/1448/746 776/1449/745 775/1450/800 743/1451/799
f 739/1452/782 771/1453/781 802/1454/802 770/1455/801
f 822/1456/803 821/1457/804 853/1458/805 854/1459/806
f 809/1460/807 808/1461/808 840/1462/809 841/1463/810
f 823/1464/811 822/1465/803 854/1466/806 855/1467/812
f 810/1468/813 809/1469/807 841/1470/810 842/1471/814
f 824/1472/815 823/1473/811 855/1474/812 856/1475/816
f 811/1476/817 810/1477/813 842/1478/814 843/1479/818
f 825/1480/819 824/1481/815 856/1482/816 857/1483/820
f 812/1484/821 811/1485/817 843/1486/818 844/1487/822
f 826/1488/823 825/1489/819 857/1490/820 858/1491/824
f 813/1492/825 812/1493/821 844/1494/822 845/1495/826
f 827/1496/827 826/1497/823 858/1498/824 859/1499/828
f 814/1500/829 813/1501/825 845/1502/826 846/1503/830
f 828/1504/831 827/1505/827 859/1506/828 860/1507/832
f 815/1508/833 814/1509/829 846/1510/830 847/1511/834
f 829/1512/835 828/1513/831 860/1514/832 861/1515/836
f 816/1516/837 815/1517/833 847/1518/834 848/1519/838
f 830/1520/839 829/1521/835 861/1522/836 862/1523/840
f 817/1524/841 816/1525/837 848/1526/838 849/1527/842
f 804/1528/843 803/1529/844 835/1530/845 836/1531/846
f 831/1532/847 830/1533/839 862/1534/840 863/1535/848
f 818/1536/849 817/1537/841 849/1538/842 850/1539/850
f 805/1540/851 804/1541/843 836/1542/846 837/1543/852
f 832/1544/853 831/1545/847 863/1546/848 864/1547/854
f 819/1548/855 818/1549/849 850/1550/850 851/1551/856
f 806/1552/857 805/1553/851 837/1554/852 838/1555/858
f 833/1556/859 832/1557/853 864/1558/854 865/1559/860
f 820/1560/861 819/1561/855 851/1562/856 852/1563/862
f 807/1564/863 806/1565/857 838/1566/858 839/1567/864
f 834/1568/865 833/1569/859 865/1570/860 866/1571/866
f 821/1572/804 820/1573/861 852/1574/862 853/1575/805
f 808/1576/808 807/1577/863 839/1578/864 840/1579/809
f 803/1580/844 834/1581/865 866/1582/866 835/1583/845
f 770/1440/801 769/1584/795 833/1585/859 834/1586/865
f 744/1448/746 743/1587/799 807/1588/863 808/1589/808
f 796/1590/768 797/1385/772 861/1522/836 860/1507/832
f 739/1452/782 770/1591/801 834/1592/865 803/1593/844
f 745/1332/743 744/1594/746 808/1595/808 809/1596/807
f 797/1597/772 798/1393/776 862/1534/840 861/1515/836
f 771/1598/781 772/1401/780 836/1542/846 835/1583/845
f 746/1340/749 745/1599/743 809/1600/807 810/1601/813
f 798/1602/776 799/1405/784 863/1546/848 862/1523/840
f 772/1603/780 773/1413/788 837/1554/852 836/1531/846
f 747/1348/753 746/1604/749 810/1605/813 811/1606/817
f 799/1607/784 800/1417/790 864/1558/854 863/1535/848
f 773/1608/788 774/1425/794 838/1566/858 837/1543/852
f 748/1356/757 747/1609/753 811/1610/817 812/1611/821
f 800/1612/790 801/1429/796 865/1570/860 864/1547/854
f 774/1613/794 775/1437/800 839/1578/864 838/1555/858
f 749/1364/761 748/1614/757 812/1615/821 813/1616/825
f 801/1617/796 802/1441/802 866/1582/866 865/1559/860
f 775/1618/800 776/1449/745 840/1462/809 839/1567/864
f 750/1372/765 749/1619/761 813/1620/825 814/1621/829
f 802/1622/802 771/1453/781 835/1530/845 866/1571/866
f 776/1623/745 777/1333/744 841/1470/810 840/1579/809
f 751/1380/769 750/1624/765 814/1625/829 815/1626/833
f 777/1627/744 778/1341/750 842/1478/814 841/1463/810
f 752/1388/773 751/1628/769 815/1629/833 816/1630/837
f 778/1631/750 779/1349/754 843/1486/818 842/1471/814
f 753/1396/777 752/1632/773 816/1633/837 817/1634/841
f 779/1635/754 780/1357/758 844/1494/822 843/1479/818
f 754/1408/785 753/1636/777 817/1637/841 818/1638/849
f 780/1639/758 781/1365/762 845/1502/826 844/1487/822
f 755/1420/791 754/1640/785 818/1641/849 819/1642/855
f 781/1643/762 782/1373/766 846/1510/830 845/1495/826
f 756/1432/797 755/1644/791 819/1645/855 820/1646/861
f 782/1647/766 783/1381/770 847/1518/834 846/1503/830
f 757/1444/742 756/1648/797 820/1649/861 821/1650/804
f 783/1651/770 784/1389/774 848/1526/838 847/1511/834
f 758/1328/739 757/1652/742 821/1653/804 822/1654/803
f 784/1655/774 785/1397/778 849/1538/842 848/1519/838
f 759/1336/747 758/1656/739 822/1657/803 823/1658/811
f 785/1659/778 786/1409/786 850/1550/850 849/1527/842
f 760/1344/751 759/1660/747 823/1661/811 824/1662/815
f 786/1663/786 787/1421/792 851/1562/856 850/1539/850
f 761/1352/755 760/1664/751 824/1665/815 825/1666/819
f 787/1667/792 788/1433/798 852/1574/862 851/1551/856
f 762/1360/759 761/1668/755 825/1669/819 826/1670/823
f 788/1671/798 789/1445/741 853/1458/805 852/1563/862
f 763/1368/763 762/1672/759 826/1673/823 827/1674/827
f 789/1675/741 790/1329/740 854/1466/806 853/1575/805
f 764/1376/767 763/1676/763 827/1677/827 828/1678/831
f 790/1679/740 791/1337/748 855/1474/812 854/1459/806
f 765/1384/771 764/1680/767 828/1681/831 829/1682/835
f 791/1683/748 792/1345/752 856/1482/816 855/1467/812
f 766/1392/775 765/1684/771 829/1685/835 830/1686/839
f 740/1400/779 739/1687/782 803/1688/844 804/1689/843
f 792/1690/752 793/1353/756 857/1490/820 856/1475/816
f 767/1404/783 766/1691/775 830/1692/839 831/1693/847
f 741/1412/787 740/1694/779 804/1695/843 805/1696/851
f 793/1697/756 794/1361/760 858/1498/824 857/1483/820
f 768/1416/789 767/1698/783 831/1699/847 832/1700/853
f 742/1424/793 741/1701/787 805/1702/851 806/1703/857
f 794/1704/760 795/1369/764 859/1506/828 858/1491/824
f 769/1428/795 768/1705/789 832/1706/853 833/1707/859
f 743/1436/799 742/1708/793 806/1709/857 807/1710/863
f 795/1711/764 796/1377/768 860/1514/832 859/1499/828
